802407.0,783730.0,779382.0,802142.0,821441.0,833458.0,841692.0,847595.0,851704.0,854376.0,856054.0,857113.0,857832.0,858299.0,858577.0,858758.0,858875.0,858948.0,483392.0,484317.0,490418.0,507803.0,521430.0,530121.0,535892.0,540095.0,543018.0,544892.0,546070.0,546829.0,547220.0,547451.0,547608.0,547709.0,547776.0,547815.0
212179.0,244037.0,266713.0,290690.0,318708.0,343163.0,360348.0,372037.0,380207.0,385930.0,390066.0,393024.0,395126.0,396500.0,397099.0,397475.0,397720.0,397878.0,397889.0,399620.0,392830.0,388995.0,388861.0,392545.0,396353.0,398644.0,400315.0,401602.0,402498.0,403153.0,403658.0,404083.0,404420.0,404560.0,404651.0,404709.0,404754.0,404699.0
333000.0,346433.0,371511.0,383354.0,392608.0,399888.0,406265.0,410643.0,413595.0,415391.0,416348.0,416850.0,417396.0,417790.0,418016.0,418185.0,418300.0,418371.0,418470.0,418481.0,418473.0,418510.0,918776.0,906751.0,876516.0,851212.0,832810.0,819679.0,810212.0,803561.0,798800.0,795784.0,793780.0,792054.0,790679.0,789764.0,789138.0,788723.0,788442.0,788259.0,787878.0,787890.0,787891.0,787902.0
55784.2,65580.5,78707.1,87224.7,93751.4,98967.2,103370.0,107205.0,110724.0,113820.0,116940.0,120278.0,123277.0,126065.0,128719.0,131008.0,133044.0,134484.0,135604.0,136396.0,137004.0,137452.0,137835.0,138095.0,138348.0,638603.0,629377.0,617939.0,610501.0,604605.0,599593.0,595530.0,591711.0,587895.0,584122.0,580673.0,577351.0,574224.0,571344.0,568665.0,566185.0,563985.0,562323.0,561018.0,559967.0,559179.0,558613.0,558179.0,558021.0,558001.0
60808.3,56213.2,52992.0,58767.4,89430.5,115955.0,133952.0,145714.0,153420.0,158698.0,162077.0,164273.0,165835.0,166946.0,167687.0,168176.0,168450.0,168663.0,169406.0,168942.0,168653.0,168527.0,168492.0,168395.0,168328.0,168646.0,181385.0,186805.0,201875.0,211448.0,246933.0,278773.0,300654.0,315553.0,325690.0,332882.0,337858.0,341351.0,343668.0,345156.0,346018.0,346403.0,346380.0,346202.0,346251.0,346071.0,346178.0,346143.0,346031.0,346263.0,346376.0,346653.0
835897.0,832658.0,830544.0,827868.0,825421.0,823428.0,821967.0,820758.0,819994.0,819605.0,819430.0,819511.0,819777.0,820064.0,820376.0,820698.0,821071.0,821442.0,821792.0,822114.0,822371.0,822605.0,822780.0,822836.0,822796.0,822331.0,822099.0,821756.0,821527.0,858559.0,836981.0,815460.0,802898.0,795220.0,789058.0,783968.0,779326.0,774759.0,770248.0,765544.0,761051.0,756577.0,752163.0,748091.0,744498.0,741248.0,738551.0,736295.0,734452.0,733030.0,731896.0,731056.0,730615.0,730382.0,730000.0,730056.0,729770.0,729568.0
846965.0,854781.0,850282.0,825635.0,822146.0,819110.0,816545.0,815675.0,815280.0,815141.0,814891.0,814382.0,813601.0,812685.0,811763.0,810809.0,810102.0,809416.0,808726.0,808120.0,807681.0,807360.0,806877.0,806397.0,806075.0,805790.0,805449.0,805066.0,804758.0,804700.0,804635.0,293052.0,303512.0,314135.0,319985.0,320463.0,320849.0,321620.0,321763.0,321678.0,321098.0,320280.0,319697.0,318783.0,318011.0,317461.0,317304.0,317186.0,317220.0,317166.0,317276.0,317506.0,317872.0,318552.0,319011.0,319269.0,319565.0,320033.0,320614.0,321266.0,321353.0,321512.0
803973.0,825097.0,838858.0,807211.0,800788.0,800360.0,800227.0,801654.0,803124.0,804614.0,805715.0,806479.0,806933.0,807229.0,807397.0,807352.0,807291.0,807114.0,806829.0,806530.0,806329.0,806201.0,805896.0,805544.0,805342.0,805155.0,804905.0,804594.0,804322.0,804389.0,804377.0,804505.0,271383.0,279986.0,294439.0,315154.0,320684.0,320218.0,319833.0,319022.0,318343.0,317817.0,317386.0,317146.0,316657.0,316383.0,316245.0,316356.0,316429.0,316654.0,316774.0,317004.0,317294.0,317712.0,318450.0,318897.0,319141.0,319438.0,319937.0,320555.0,321240.0,321404.0,321642.0,321698.0
515158.0,507767.0,508440.0,528858.0,546971.0,560611.0,576324.0,589765.0,599221.0,605681.0,610250.0,613051.0,614572.0,615535.0,616092.0,616438.0,616637.0,616825.0,616855.0,616869.0,616923.0,616953.0,616781.0,616618.0,616446.0,616341.0,616324.0,616234.0,616338.0,616487.0,616549.0,616756.0,616859.0,114458.0,132484.0,174453.0,233420.0,264749.0,285093.0,312366.0,336861.0,357274.0,371696.0,381841.0,388804.0,393257.0,396034.0,397816.0,398874.0,399599.0,400025.0,400422.0,400634.0,400769.0,400856.0,401036.0,401291.0,401335.0,401463.0,401421.0,401477.0,401396.0,401347.0,401182.0,401115.0,401072.0
285686.0,297989.0,304216.0,307912.0,309992.0,311458.0,312561.0,313569.0,314557.0,315550.0,316680.0,317723.0,318671.0,319654.0,320637.0,321682.0,322660.0,323451.0,324216.0,324972.0,325663.0,326418.0,327397.0,328592.0,329869.0,331130.0,332209.0,333114.0,333827.0,334395.0,334818.0,335148.0,335407.0,335608.0,687792.0,685615.0,681060.0,675878.0,670056.0,664767.0,660346.0,656058.0,652006.0,647842.0,643773.0,639391.0,634753.0,630014.0,625325.0,620771.0,616192.0,611668.0,607427.0,603108.0,598867.0,594561.0,590156.0,586048.0,582002.0,578156.0,574747.0,571831.0,569439.0,567530.0,566094.0,564907.0,564018.0,563357.0
630448.0,636948.0,633626.0,605547.0,582494.0,577640.0,583862.0,591571.0,599248.0,605671.0,610262.0,612973.0,614642.0,615526.0,616090.0,616502.0,616660.0,616903.0,616877.0,616955.0,616945.0,616909.0,616786.0,616535.0,616408.0,616250.0,616238.0,616278.0,616349.0,616424.0,616519.0,616766.0,616881.0,616943.0,616784.0,41748.6,42075.0,97350.6,182149.0,234071.0,273359.0,308540.0,335574.0,357079.0,371735.0,381809.0,388871.0,393260.0,396054.0,397908.0,398944.0,399527.0,400098.0,400403.0,400713.0,400853.0,400854.0,401021.0,401219.0,401322.0,401409.0,401451.0,401462.0,401403.0,401268.0,401199.0,401132.0,401162.0,401023.0,401207.0
562117.0,546085.0,540517.0,549349.0,553437.0,562053.0,576193.0,588920.0,599194.0,605719.0,610331.0,613037.0,614592.0,615591.0,616122.0,616446.0,616632.0,616849.0,616934.0,616895.0,616890.0,616882.0,616727.0,616518.0,616416.0,616258.0,616279.0,616326.0,616383.0,616390.0,616596.0,616812.0,616940.0,616931.0,616876.0,616733.0,136805.0,156906.0,196574.0,240453.0,264780.0,285736.0,313287.0,337307.0,357362.0,371784.0,381982.0,388913.0,393363.0,396039.0,397808.0,398880.0,399537.0,400031.0,400467.0,400631.0,400784.0,400859.0,401110.0,401225.0,401330.0,401402.0,401433.0,401527.0,401379.0,401279.0,401275.0,401182.0,401063.0,401119.0,401284.0,401160.0
750326.0,741315.0,735402.0,730120.0,725082.0,720327.0,715832.0,711639.0,707728.0,703990.0,700606.0,697479.0,694485.0,691810.0,689416.0,687115.0,684767.0,682552.0,680488.0,678452.0,676719.0,675282.0,674068.0,673098.0,672415.0,671933.0,671586.0,671282.0,671054.0,670944.0,670928.0,670987.0,671021.0,671041.0,671024.0,671028.0,671082.0,922384.0,925838.0,921264.0,916953.0,913318.0,910320.0,907555.0,904970.0,902420.0,899756.0,897443.0,895439.0,893247.0,891130.0,889009.0,886802.0,884121.0,881220.0,878349.0,875600.0,872976.0,870457.0,868302.0,866609.0,865376.0,864427.0,863762.0,863313.0,863017.0,862994.0,862981.0,862929.0,862858.0,862837.0,862850.0,862810.0,862816.0
224769.0,186291.0,188290.0,190075.0,203766.0,213530.0,221957.0,228226.0,232962.0,236516.0,239223.0,241319.0,242841.0,244026.0,245102.0,245917.0,246540.0,246971.0,247214.0,247499.0,247852.0,248222.0,248514.0,248889.0,249478.0,249940.0,251364.0,252122.0,252758.0,253377.0,254214.0,255283.0,256413.0,257347.0,258425.0,259489.0,260402.0,261399.0,262201.0,262699.0,263215.0,263564.0,263553.0,263283.0,262916.0,262476.0,261726.0,260511.0,258912.0,256798.0,254417.0,252156.0,250288.0,248807.0,247664.0,246792.0,246215.0,245641.0,245278.0,245048.0,867305.0,890433.0,894090.0,897113.0,882156.0,872049.0,864096.0,858195.0,853805.0,850358.0,847635.0,845402.0,843600.0,842090.0,840721.0,839546.0,838458.0,837536.0,836429.0,835837.0,835207.0,834598.0,834064.0,833535.0,832934.0,832427.0,830797.0,830544.0,830386.0,830352.0,830316.0,830104.0,830128.0,830360.0,830764.0,831216.0,831809.0,832421.0,833304.0,834375.0,835672.0,837193.0,838606.0,840147.0,841502.0,842808.0,843785.0,844529.0,845026.0,845409.0,845772.0,846005.0,846157.0,846244.0,846359.0,846480.0,846557.0,846779.0,846908.0,846981.0
52530.2,55534.3,64330.9,73966.5,79741.8,82756.0,85468.1,87761.5,90502.0,93637.4,97087.9,100822.0,104418.0,108073.0,112075.0,115994.0,119735.0,123257.0,126646.0,129927.0,133056.0,136355.0,139486.0,142758.0,145997.0,149208.0,152630.0,156140.0,159477.0,162577.0,166230.0,170209.0,174451.0,178531.0,182421.0,186553.0,190719.0,194851.0,198962.0,202890.0,206838.0,210905.0,214710.0,218764.0,222574.0,226659.0,230519.0,234257.0,237664.0,240623.0,242979.0,244567.0,245425.0,245747.0,245627.0,245457.0,245399.0,245138.0,244997.0,244891.0,245862.0,878003.0,876364.0,873121.0,869605.0,867166.0,865704.0,864380.0,863246.0,862213.0,861076.0,859968.0,858798.0,857671.0,856590.0,855573.0,854598.0,853666.0,852884.0,852108.0,851371.0,850671.0,849986.0,849335.0,848705.0,848109.0,847522.0,846797.0,846102.0,845441.0,844825.0,844032.0,843127.0,842245.0,841538.0,841003.0,840761.0,840616.0,840488.0,840514.0,840624.0,840698.0,841050.0,841503.0,842026.0,842596.0,843146.0,843777.0,844418.0,844998.0,845549.0,845984.0,846248.0,846385.0,846425.0,846470.0,846549.0,846580.0,846766.0,846883.0,846941.0,846047.0
408060.0,384607.0,369987.0,393411.0,398375.0,409280.0,427092.0,444769.0,459996.0,472105.0,481608.0,488882.0,493961.0,497772.0,500443.0,502385.0,503747.0,504768.0,505485.0,505988.0,506342.0,506654.0,506938.0,507203.0,507390.0,507521.0,507614.0,507679.0,507725.0,507757.0,507780.0,507796.0,507808.0,507816.0,507821.0,507825.0,507828.0,507830.0,507832.0,507833.0,507833.0,507833.0,507834.0,507834.0,507834.0,507834.0,507834.0,507834.0,507834.0,507834.0,507834.0,507834.0,507834.0,507834.0,507834.0,507834.0,507834.0,507834.0,507834.0,507834.0,507834.0,507834.0,507834.0,507834.0,507834.0,507834.0,507834.0,507834.0,507834.0,507834.0,507834.0,507834.0,507834.0,507834.0,507834.0,507924.0,507987.0,508032.0,508063.0,508086.0,508101.0,508112.0,508120.0,508125.0,508128.0,508131.0,508133.0,508134.0,508135.0,508136.0,508137.0,508137.0,508137.0,508138.0,508138.0,508138.0,508138.0,508138.0,508138.0,508138.0,508138.0,508138.0,508138.0,508138.0,508138.0,508138.0,508138.0,508138.0,508138.0,508138.0,508138.0,508138.0,508138.0,508138.0,508138.0,508138.0,508138.0,508138.0,508138.0,508138.0,508138.0,508138.0,508138.0,508138.0,508138.0,508138.0,508138.0,508138.0,508138.0,508138.0,508138.0,508138.0,508138.0,508138.0,508138.0,508138.0,508138.0,508138.0,508138.0,508138.0,508138.0,508138.0,508138.0,508138.0,508138.0,508138.0,508138.0,508138.0,508138.0,508138.0,54967.9,21715.6,8523.66,63045.8,77588.1,94849.4,114030.0,129559.0,141843.0,151060.0,157962.0,163023.0,166557.0,169152.0,170972.0,172216.0,173089.0,173726.0,174174.0,174489.0,174710.0,174906.0,175090.0,175276.0,175407.0,175499.0,175564.0,175610.0,175643.0,175665.0,175682.0,175693.0,175701.0,175706.0,175710.0,175713.0,175715.0,175717.0,175717.0,175718.0,175719.0,175719.0,175719.0,175719.0,175719.0,175719.0,175719.0,175719.0,175719.0,175719.0,175720.0,175720.0,175720.0,175720.0,175720.0,175720.0,175720.0,175720.0,175720.0,175720.0,175720.0,175720.0,175720.0,175720.0,175720.0,175720.0,175720.0,175720.0,175720.0,175720.0,175720.0,175720.0,175720.0,175720.0,175720.0,175797.0,175851.0,175889.0,175916.0,175935.0,175948.0,175958.0,175964.0,175969.0,175972.0,175974.0,175976.0,175977.0,175978.0,175979.0,175979.0,175979.0,175980.0,175980.0,175980.0,175980.0,175980.0,175980.0,175980.0,175980.0,175980.0,175980.0,175980.0,175980.0,175980.0,175980.0,175980.0,175980.0,175980.0,175980.0,175980.0,175980.0,175980.0,175980.0,175980.0,175980.0,175980.0,175980.0,175980.0,175980.0,175980.0,175980.0,175980.0,175980.0,175980.0,175980.0,175980.0,175980.0,175980.0,175980.0,175980.0,175980.0,175980.0,175980.0,175980.0,175980.0,175980.0,175980.0,175980.0,175980.0,175980.0,175980.0,175980.0,175980.0,175980.0,175980.0,175980.0,175980.0,175980.0,175980.0
402038.0,392460.0,384036.0,376661.0,370209.0,363850.0,358400.0,353548.0,349536.0,346162.0,343799.0,341945.0,340520.0,339394.0,338404.0,337733.0,337149.0,336562.0,336071.0,335544.0,335166.0,334802.0,334436.0,334629.0,335021.0,335342.0,335561.0,335769.0,335824.0,335890.0,335915.0,335909.0,335875.0,335843.0,335983.0,336122.0,336222.0,336293.0,336345.0,336382.0,336408.0,336428.0,336441.0,336451.0,336458.0,336567.0,336645.0,336701.0,336742.0,336771.0,336792.0,336807.0,336818.0,336825.0,336831.0,336835.0,336838.0,336840.0,336842.0,336843.0,336843.0,336844.0,336844.0,336844.0,336844.0,336844.0,336844.0,336845.0,336845.0,336845.0,336845.0,336845.0,336845.0,336845.0,336845.0,336845.0,336845.0,336845.0,336845.0,336845.0,336845.0,336845.0,336845.0,336845.0,336845.0,336845.0,336845.0,336845.0,336845.0,336845.0,336845.0,336845.0,336845.0,336845.0,336845.0,336845.0,336845.0,336845.0,336845.0,336845.0,336845.0,336845.0,336845.0,336845.0,336845.0,336845.0,336845.0,336845.0,336845.0,336845.0,336845.0,336845.0,336845.0,336845.0,336845.0,336845.0,336845.0,336845.0,336845.0,336845.0,336845.0,336845.0,336845.0,336845.0,336845.0,336845.0,336845.0,336845.0,336845.0,336845.0,336845.0,336845.0,336845.0,336845.0,336845.0,336845.0,336845.0,336845.0,336845.0,336845.0,336845.0,336845.0,336845.0,336845.0,336845.0,336845.0,336845.0,336845.0,336845.0,336845.0,515085.0,517414.0,521602.0,525770.0,530995.0,537000.0,542038.0,546146.0,549607.0,552167.0,554453.0,555831.0,557139.0,558117.0,558850.0,559510.0,559905.0,560058.0,560206.0,560249.0,560299.0,560338.0,560198.0,560066.0,559906.0,559691.0,559601.0,559738.0,560002.0,560262.0,560500.0,560605.0,560745.0,560893.0,562040.0,562006.0,561981.0,561963.0,561951.0,561942.0,561935.0,561931.0,561928.0,561925.0,561924.0,561892.0,561870.0,561854.0,561842.0,561834.0,561828.0,561823.0,561820.0,561817.0,561815.0,561814.0,561813.0,561812.0,561812.0,561811.0,561811.0,561811.0,561811.0,561810.0,561810.0,561810.0,561810.0,561810.0,561810.0,561810.0,561810.0,561810.0,561810.0,561810.0,561810.0,561810.0,561810.0,561810.0,561810.0,561810.0,561810.0,561810.0,561810.0,561810.0,561810.0,561810.0,561810.0,561810.0,561810.0,561810.0,561810.0,561810.0,561810.0,561810.0,561810.0,561810.0,561810.0,561810.0,561810.0,561810.0,561810.0,561810.0,561810.0,561810.0,561810.0,561810.0,561810.0,561810.0,561810.0,561810.0,561810.0,561810.0,561810.0,561810.0,561810.0,561810.0,561810.0,561810.0,561810.0,561810.0,561810.0,561810.0,561810.0,561810.0,561810.0,561810.0,561810.0,561810.0,561810.0,561810.0,561810.0,561810.0,561810.0,561810.0,561810.0,561810.0,561810.0,561810.0,561810.0,561810.0,561810.0,561810.0,561810.0,561810.0,561810.0,561810.0,561810.0,561810.0,561810.0,561810.0
360969.0,367916.0,381508.0,388300.0,394823.0,400175.0,405118.0,408940.0,411847.0,414029.0,415707.0,416859.0,417421.0,417764.0,418029.0,418187.0,418291.0,418365.0,418464.0,418483.0,418511.0,418488.0,418310.0,418286.0,418269.0,418211.0,418244.0,418268.0,418286.0,418299.0,418362.0,418476.0,418559.0,418620.0,418735.0,418819.0,418950.0,419095.0,419202.0,419281.0,419340.0,419382.0,419413.0,419436.0,419453.0,419466.0,419475.0,419482.0,419487.0,419441.0,419407.0,419382.0,419364.0,419350.0,419270.0,419142.0,419048.0,418849.0,418703.0,418596.0,418518.0,418408.0,418327.0,418268.0,418225.0,418193.0,418170.0,418154.0,418141.0,418132.0,418050.0,417990.0,417946.0,417915.0,417891.0,417874.0,417862.0,417852.0,417846.0,417841.0,417837.0,417835.0,417833.0,417832.0,417831.0,417830.0,417830.0,417829.0,417829.0,417829.0,417829.0,417829.0,417829.0,417829.0,417829.0,417829.0,417829.0,417829.0,417829.0,417829.0,417829.0,417829.0,417829.0,417829.0,417829.0,417829.0,417829.0,417829.0,417829.0,417829.0,417829.0,417829.0,417829.0,417829.0,417829.0,417829.0,417829.0,417829.0,417829.0,417829.0,417829.0,417829.0,417829.0,417829.0,417829.0,417829.0,417829.0,417829.0,417829.0,417829.0,417829.0,417829.0,417829.0,417829.0,417829.0,417829.0,417829.0,417829.0,417829.0,417829.0,417829.0,417829.0,417829.0,417829.0,417829.0,417829.0,417829.0,417829.0,417829.0,417829.0,973795.0,939251.0,901836.0,870589.0,847049.0,830319.0,818163.0,809344.0,802805.0,798026.0,794505.0,792082.0,790672.0,789734.0,789125.0,788718.0,788453.0,788271.0,787872.0,787878.0,787890.0,787887.0,787112.0,787262.0,787372.0,787376.0,787430.0,787470.0,787499.0,787520.0,787524.0,787510.0,787499.0,787491.0,787475.0,787463.0,787454.0,787433.0,787416.0,787404.0,787395.0,787389.0,787384.0,787381.0,787379.0,787377.0,787376.0,787376.0,787375.0,787390.0,787400.0,787407.0,787413.0,787416.0,787420.0,787433.0,787443.0,787397.0,787363.0,787338.0,787320.0,787318.0,787317.0,787316.0,787316.0,787315.0,787315.0,787315.0,787314.0,787314.0,787264.0,787227.0,787200.0,787181.0,787167.0,787157.0,787149.0,787143.0,787139.0,787136.0,787133.0,787132.0,787131.0,787130.0,787129.0,787129.0,787129.0,787128.0,787128.0,787128.0,787128.0,787128.0,787128.0,787128.0,787128.0,787128.0,787128.0,787128.0,787128.0,787127.0,787127.0,787127.0,787127.0,787127.0,787127.0,787127.0,787127.0,787127.0,787127.0,787127.0,787127.0,787127.0,787127.0,787127.0,787127.0,787127.0,787127.0,787127.0,787127.0,787127.0,787127.0,787127.0,787127.0,787127.0,787127.0,787127.0,787127.0,787127.0,787127.0,787127.0,787127.0,787127.0,787127.0,787127.0,787127.0,787127.0,787127.0,787127.0,787127.0,787127.0,787127.0,787127.0,787127.0,787127.0,787127.0,787127.0,787127.0,787127.0,787127.0,787127.0
660413.0,660665.0,660934.0,661370.0,661436.0,661290.0,661138.0,660964.0,660756.0,660875.0,660757.0,660746.0,660828.0,661053.0,661398.0,661863.0,662655.0,663444.0,664348.0,665488.0,666438.0,667409.0,668309.0,669119.0,669691.0,670134.0,670477.0,670659.0,670822.0,670895.0,670888.0,670946.0,670986.0,671013.0,671058.0,671072.0,671030.0,671065.0,671072.0,671076.0,671080.0,671082.0,671083.0,671084.0,671085.0,671086.0,671086.0,671086.0,671087.0,671087.0,671087.0,671087.0,671087.0,671087.0,671087.0,671087.0,671087.0,671087.0,671087.0,671087.0,671087.0,671087.0,671087.0,671087.0,671087.0,671031.0,670992.0,670964.0,670944.0,670931.0,670922.0,670915.0,670910.0,670907.0,670904.0,670903.0,670901.0,670901.0,670900.0,670900.0,670900.0,670900.0,670900.0,670899.0,670899.0,670899.0,670899.0,670899.0,670899.0,670899.0,670899.0,670899.0,670899.0,670899.0,670899.0,670899.0,670899.0,670899.0,670899.0,670899.0,670899.0,670899.0,670899.0,670899.0,670899.0,670899.0,670899.0,670899.0,670899.0,670899.0,670899.0,670899.0,670899.0,670899.0,670899.0,670899.0,670899.0,670899.0,670899.0,670899.0,670899.0,670899.0,670899.0,670899.0,670899.0,670899.0,670899.0,670899.0,670899.0,670899.0,670899.0,670899.0,670899.0,670899.0,670899.0,670899.0,670899.0,670899.0,670899.0,670899.0,670899.0,670899.0,670899.0,670899.0,670899.0,670899.0,670899.0,670899.0,670899.0,670899.0,799518.0,809538.0,817746.0,823698.0,828568.0,832570.0,835716.0,838215.0,840071.0,841769.0,843444.0,844936.0,846496.0,847941.0,849290.0,850700.0,852151.0,853461.0,854731.0,856227.0,857699.0,858822.0,859914.0,860823.0,861521.0,862027.0,862388.0,862747.0,862991.0,862976.0,862966.0,862900.0,862895.0,862868.0,862825.0,862846.0,862829.0,862803.0,862790.0,862781.0,862775.0,862770.0,862766.0,862764.0,862762.0,862761.0,862761.0,862760.0,862760.0,862760.0,862760.0,862760.0,862760.0,862760.0,862760.0,862760.0,862760.0,862760.0,862760.0,862760.0,862760.0,862760.0,862760.0,862760.0,862760.0,862803.0,862834.0,862856.0,862871.0,862882.0,862889.0,862895.0,862898.0,862901.0,862903.0,862904.0,862905.0,862905.0,862906.0,862906.0,862906.0,862906.0,862906.0,862906.0,862906.0,862906.0,862906.0,862906.0,862906.0,862906.0,862906.0,862906.0,862906.0,862906.0,862906.0,862906.0,862906.0,862906.0,862906.0,862906.0,862906.0,862906.0,862906.0,862906.0,862906.0,862906.0,862906.0,862906.0,862906.0,862906.0,862906.0,862906.0,862906.0,862906.0,862906.0,862906.0,862906.0,862906.0,862906.0,862906.0,862906.0,862906.0,862906.0,862906.0,862906.0,862906.0,862906.0,862906.0,862906.0,862906.0,862906.0,862906.0,862906.0,862906.0,862906.0,862906.0,862906.0,862906.0,862906.0,862906.0,862906.0,862906.0,862906.0,862906.0,862906.0,862906.0,862906.0,862906.0,862906.0,862906.0
772721.0,766623.0,778616.0,801607.0,821077.0,833287.0,841691.0,847599.0,851740.0,854341.0,856034.0,857129.0,857831.0,858271.0,858572.0,858760.0,858879.0,858956.0,858154.0,858435.0,858635.0,858835.0,858978.0,859079.0,859234.0,859345.0,859424.0,859568.0,859669.0,859682.0,859604.0,859548.0,859520.0,859457.0,859412.0,859296.0,859184.0,859085.0,859014.0,858964.0,858929.0,858904.0,858886.0,858874.0,858865.0,858841.0,858824.0,858813.0,858805.0,858798.0,858794.0,858791.0,858788.0,858787.0,858786.0,858785.0,858785.0,858784.0,858784.0,858784.0,858784.0,858784.0,858784.0,858784.0,858784.0,858784.0,858784.0,858784.0,858784.0,858784.0,858784.0,858784.0,858784.0,858784.0,858784.0,858784.0,858784.0,858784.0,858784.0,858784.0,858784.0,858784.0,858784.0,858784.0,858784.0,858784.0,858784.0,858784.0,858784.0,858784.0,858784.0,858784.0,858784.0,858784.0,858784.0,858784.0,858784.0,858784.0,858784.0,858784.0,858784.0,858784.0,858784.0,858784.0,858784.0,858784.0,858784.0,858784.0,858784.0,858784.0,858784.0,858784.0,858784.0,858784.0,858784.0,858784.0,858784.0,858784.0,858784.0,858784.0,858784.0,858784.0,858784.0,858784.0,858784.0,858784.0,858784.0,858784.0,858784.0,858784.0,858784.0,858784.0,858784.0,858784.0,858784.0,858784.0,858784.0,858784.0,858784.0,858784.0,858784.0,858784.0,858784.0,858784.0,858784.0,858784.0,858784.0,858784.0,858784.0,858784.0,455463.0,471988.0,489387.0,507297.0,521263.0,530001.0,535888.0,540105.0,543014.0,544866.0,546069.0,546832.0,547205.0,547463.0,547617.0,547715.0,547774.0,547816.0,547592.0,547680.0,547743.0,547855.0,547935.0,547991.0,547981.0,547975.0,547970.0,547911.0,547870.0,547773.0,547759.0,547749.0,547658.0,547515.0,547413.0,547391.0,547207.0,546999.0,546853.0,546749.0,546676.0,546624.0,546587.0,546562.0,546544.0,546447.0,546379.0,546331.0,546297.0,546273.0,546256.0,546244.0,546236.0,546230.0,546226.0,546223.0,546221.0,546220.0,546219.0,546219.0,546218.0,546218.0,546218.0,546217.0,546217.0,546217.0,546217.0,546217.0,546217.0,546217.0,546217.0,546217.0,546217.0,546217.0,546217.0,546217.0,546217.0,546217.0,546217.0,546217.0,546217.0,546217.0,546217.0,546217.0,546217.0,546217.0,546217.0,546217.0,546217.0,546217.0,546217.0,546217.0,546217.0,546217.0,546217.0,546217.0,546217.0,546217.0,546217.0,546217.0,546217.0,546217.0,546217.0,546217.0,546217.0,546217.0,546217.0,546217.0,546217.0,546217.0,546217.0,546217.0,546217.0,546217.0,546217.0,546217.0,546217.0,546217.0,546217.0,546217.0,546217.0,546217.0,546217.0,546217.0,546217.0,546217.0,546217.0,546217.0,546217.0,546217.0,546217.0,546217.0,546217.0,546217.0,546217.0,546217.0,546217.0,546217.0,546217.0,546217.0,546217.0,546217.0,546217.0,546217.0,546217.0,546217.0,546217.0,546217.0,546217.0,546217.0
557671.0,554024.0,568274.0,566481.0,562639.0,568066.0,579949.0,590317.0,599280.0,605666.0,610307.0,613004.0,614619.0,615511.0,616133.0,616422.0,616704.0,616801.0,616836.0,616857.0,616862.0,616903.0,616730.0,616562.0,616490.0,616288.0,616260.0,616242.0,616415.0,616403.0,616524.0,616725.0,616899.0,616980.0,616818.0,616784.0,616560.0,616689.0,616728.0,616756.0,616771.0,616898.0,617064.0,617180.0,617267.0,617328.0,617436.0,617512.0,617692.0,617818.0,617949.0,618053.0,618125.0,618076.0,618042.0,618017.0,618001.0,617989.0,617980.0,617973.0,617968.0,617964.0,617962.0,617961.0,617960.0,617959.0,617959.0,617958.0,617958.0,617958.0,617928.0,617846.0,617787.0,617745.0,617813.0,617805.0,617800.0,617796.0,617794.0,617792.0,617790.0,617789.0,617789.0,617788.0,617788.0,617788.0,617788.0,617788.0,617788.0,617788.0,617788.0,617788.0,617788.0,617788.0,617788.0,617788.0,617788.0,617788.0,617788.0,617788.0,617788.0,617788.0,617788.0,617788.0,617788.0,617788.0,617788.0,617788.0,617788.0,617788.0,617788.0,617788.0,617788.0,617788.0,617788.0,617788.0,617788.0,617788.0,617788.0,617788.0,617788.0,617788.0,617788.0,617788.0,617788.0,617788.0,617788.0,617788.0,617788.0,617788.0,617788.0,617788.0,617788.0,617788.0,617788.0,617788.0,617788.0,617788.0,617788.0,617788.0,617788.0,617788.0,617788.0,617788.0,617788.0,617788.0,617788.0,617788.0,617788.0,617788.0,44115.6,79861.1,126625.0,202391.0,250104.0,279216.0,310862.0,336876.0,357294.0,371622.0,381828.0,388798.0,393261.0,396121.0,397803.0,398897.0,399495.0,400016.0,400413.0,400650.0,400779.0,400949.0,401038.0,401213.0,401407.0,401396.0,401521.0,401454.0,401468.0,401269.0,401204.0,401123.0,401072.0,401026.0,401203.0,401231.0,401223.0,401160.0,401022.0,400926.0,400783.0,400663.0,400426.0,400258.0,400067.0,399932.0,399759.0,399636.0,399515.0,399428.0,399295.0,399131.0,399014.0,398951.0,398906.0,398874.0,398851.0,398834.0,398823.0,398815.0,398809.0,398805.0,398802.0,398800.0,398798.0,398797.0,398796.0,398796.0,398796.0,398795.0,398724.0,398734.0,398742.0,398747.0,398751.0,398956.0,399102.0,399207.0,399282.0,399335.0,399373.0,399401.0,399420.0,399434.0,399444.0,399451.0,399456.0,399460.0,399462.0,399464.0,399465.0,399466.0,399467.0,399468.0,399469.0,399469.0,399469.0,399470.0,399470.0,399470.0,399470.0,399470.0,399470.0,399470.0,399470.0,399470.0,399470.0,399470.0,399470.0,399470.0,399470.0,399470.0,399470.0,399470.0,399470.0,399470.0,399470.0,399470.0,399470.0,399470.0,399470.0,399470.0,399470.0,399470.0,399470.0,399470.0,399470.0,399470.0,399470.0,399470.0,399470.0,399470.0,399470.0,399470.0,399470.0,399470.0,399470.0,399470.0,399470.0,399470.0,399470.0,399470.0,399470.0,399470.0,399470.0,399470.0,399470.0,399470.0,399470.0,399470.0
905608.0,886380.0,868864.0,856844.0,847904.0,841371.0,836574.0,833175.0,830771.0,829060.0,827684.0,826769.0,826176.0,825614.0,825130.0,824888.0,824654.0,824341.0,823998.0,823614.0,823248.0,823083.0,822928.0,822866.0,822733.0,822387.0,822144.0,821794.0,821568.0,820950.0,821345.0,821698.0,821955.0,822218.0,821961.0,822378.0,822681.0,822902.0,823063.0,823179.0,823264.0,823326.0,823371.0,823404.0,823427.0,823445.0,823458.0,823467.0,823473.0,823478.0,823481.0,823484.0,823486.0,823488.0,823489.0,823490.0,823490.0,823490.0,823491.0,823491.0,823491.0,823491.0,823491.0,823491.0,823491.0,823422.0,823372.0,823336.0,823309.0,823290.0,823276.0,823266.0,823259.0,823253.0,823249.0,823246.0,823244.0,823242.0,823241.0,823241.0,823240.0,823240.0,823240.0,823239.0,823239.0,823239.0,823239.0,823239.0,823239.0,823239.0,823239.0,823239.0,823239.0,823239.0,823239.0,823239.0,823239.0,823239.0,823239.0,823239.0,823239.0,823239.0,823239.0,823239.0,823239.0,823239.0,823239.0,823239.0,823239.0,823239.0,823239.0,823239.0,823239.0,823239.0,823239.0,823239.0,823239.0,823239.0,823239.0,823239.0,823239.0,823239.0,823239.0,823239.0,823239.0,823239.0,823239.0,823239.0,823239.0,823239.0,823239.0,823239.0,823239.0,823239.0,823239.0,823239.0,823239.0,823239.0,823239.0,823239.0,823239.0,823239.0,823239.0,823239.0,823239.0,823239.0,823239.0,823239.0,823239.0,823239.0,789342.0,768384.0,752208.0,743038.0,737775.0,734007.0,731208.0,729034.0,727277.0,725868.0,724821.0,723871.0,723603.0,723748.0,724264.0,724863.0,725592.0,726313.0,727142.0,728094.0,729000.0,729685.0,730264.0,730557.0,730365.0,730026.0,730053.0,729718.0,729514.0,729738.0,729868.0,729896.0,729916.0,730010.0,729573.0,729939.0,730204.0,730398.0,730538.0,730641.0,730716.0,730770.0,730809.0,730838.0,730859.0,730874.0,730884.0,730892.0,730898.0,730902.0,730906.0,730908.0,730910.0,730912.0,730912.0,730913.0,730914.0,730914.0,730914.0,730915.0,730915.0,730915.0,730915.0,730915.0,730915.0,730980.0,731027.0,731061.0,731086.0,731104.0,731117.0,731127.0,731134.0,731139.0,731142.0,731145.0,731147.0,731148.0,731149.0,731149.0,731150.0,731150.0,731150.0,731150.0,731150.0,731150.0,731150.0,731150.0,731150.0,731150.0,731150.0,731150.0,731150.0,731150.0,731150.0,731150.0,731150.0,731150.0,731150.0,731150.0,731150.0,731150.0,731150.0,731150.0,731150.0,731150.0,731150.0,731150.0,731150.0,731150.0,731150.0,731150.0,731150.0,731150.0,731150.0,731150.0,731150.0,731150.0,731150.0,731150.0,731150.0,731150.0,731150.0,731150.0,731150.0,731150.0,731150.0,731150.0,731150.0,731150.0,731150.0,731150.0,731150.0,731150.0,731150.0,731150.0,731150.0,731150.0,731150.0,731150.0,731150.0,731150.0,731150.0,731150.0,731150.0,731150.0,731150.0,731150.0,731150.0,731150.0
900724.0,898387.0,891765.0,880673.0,877702.0,871395.0,865504.0,861224.0,857246.0,853706.0,850245.0,846992.0,843686.0,840629.0,837724.0,834822.0,832094.0,829565.0,826625.0,824246.0,822078.0,820034.0,818003.0,816013.0,814154.0,811462.0,808966.0,807651.0,806544.0,804879.0,804583.0,803379.0,802969.0,802754.0,803094.0,803340.0,803354.0,803336.0,803322.0,803312.0,803305.0,803299.0,803296.0,803293.0,803291.0,803256.0,803229.0,803210.0,803196.0,803186.0,803179.0,803174.0,803169.0,803085.0,803024.0,802979.0,802947.0,802924.0,802907.0,802894.0,802810.0,802749.0,802705.0,802673.0,802525.0,802417.0,802339.0,802282.0,802240.0,802210.0,802188.0,802065.0,801976.0,801911.0,801864.0,801728.0,801630.0,801558.0,801506.0,801468.0,801440.0,801420.0,801406.0,801396.0,801388.0,801382.0,801378.0,801375.0,801373.0,801371.0,801370.0,801369.0,801369.0,801343.0,801324.0,801310.0,801299.0,801292.0,801287.0,801284.0,801281.0,801279.0,801277.0,801276.0,801275.0,801275.0,801274.0,801274.0,801274.0,801317.0,801348.0,801371.0,801388.0,801399.0,801408.0,801414.0,801419.0,801423.0,801425.0,801427.0,801428.0,801429.0,801429.0,801430.0,801430.0,801430.0,801430.0,801431.0,801431.0,801431.0,801431.0,801431.0,801431.0,801431.0,801431.0,801431.0,801431.0,801431.0,801431.0,801431.0,801431.0,801431.0,801431.0,801431.0,801431.0,801431.0,801431.0,801431.0,801431.0,801431.0,313644.0,320187.0,324396.0,324686.0,323920.0,323107.0,322583.0,321666.0,320811.0,319676.0,318517.0,317436.0,316377.0,315518.0,314842.0,314438.0,314099.0,313965.0,314516.0,314580.0,314850.0,315319.0,316031.0,316676.0,317257.0,317988.0,318774.0,319464.0,320167.0,320725.0,321114.0,321565.0,321244.0,321307.0,321198.0,321119.0,320888.0,320591.0,320375.0,320217.0,320103.0,320020.0,319960.0,319916.0,319885.0,319737.0,319629.0,319550.0,319493.0,319452.0,319422.0,319400.0,319384.0,319432.0,319467.0,319492.0,319511.0,319524.0,319534.0,319541.0,319623.0,319682.0,319726.0,319757.0,319849.0,319916.0,319965.0,320000.0,320026.0,320045.0,320059.0,320070.0,320079.0,320085.0,320089.0,320107.0,320121.0,320130.0,320137.0,320143.0,320146.0,320149.0,320150.0,320152.0,320153.0,320154.0,320154.0,320154.0,320155.0,320155.0,320155.0,320155.0,320155.0,320320.0,320441.0,320528.0,320592.0,320639.0,320673.0,320698.0,320716.0,320729.0,320738.0,320745.0,320750.0,320754.0,320756.0,320758.0,320759.0,320852.0,320919.0,320968.0,321004.0,321030.0,321049.0,321063.0,321073.0,321080.0,321086.0,321090.0,321093.0,321095.0,321096.0,321097.0,321098.0,321099.0,321099.0,321100.0,321100.0,321100.0,321100.0,321100.0,321100.0,321100.0,321100.0,321100.0,321100.0,321100.0,321100.0,321100.0,321100.0,321100.0,321100.0,321100.0,321100.0,321100.0,321100.0,321100.0,321100.0,321100.0
866816.0,887744.0,878280.0,851814.0,850944.0,849829.0,848987.0,849043.0,849415.0,849952.0,850367.0,850673.0,850924.0,851110.0,851246.0,851383.0,851484.0,851592.0,851671.0,851757.0,851792.0,851818.0,851863.0,851896.0,851920.0,851933.0,851941.0,851952.0,852011.0,852055.0,852078.0,852096.0,852111.0,852122.0,852130.0,852137.0,852170.0,852195.0,852213.0,852226.0,852236.0,852242.0,852248.0,852251.0,852253.0,852255.0,852256.0,852258.0,852258.0,852259.0,852260.0,852260.0,852260.0,852260.0,852260.0,852260.0,852260.0,852260.0,852260.0,852260.0,851240.0,851376.0,851642.0,851834.0,852040.0,852188.0,852296.0,852373.0,852429.0,852470.0,852499.0,852520.0,852536.0,852546.0,852554.0,852560.0,852565.0,852568.0,852571.0,852572.0,852573.0,852574.0,852575.0,852575.0,852575.0,852576.0,852576.0,852576.0,852576.0,852576.0,852576.0,852576.0,852576.0,852515.0,852472.0,852441.0,852418.0,852402.0,852390.0,852381.0,852375.0,852371.0,852368.0,852366.0,852364.0,852363.0,852362.0,852362.0,852361.0,852284.0,852229.0,852189.0,852160.0,852140.0,852125.0,852114.0,852106.0,852100.0,852097.0,852094.0,852092.0,852091.0,852090.0,852090.0,852090.0,852089.0,852089.0,852089.0,852089.0,852089.0,852089.0,852089.0,852089.0,852089.0,852089.0,852089.0,852089.0,852089.0,852089.0,852089.0,852089.0,852089.0,852089.0,852089.0,852089.0,852089.0,852089.0,852089.0,852089.0,852089.0,95444.0,78001.5,101894.0,140128.0,145433.0,149728.0,153148.0,154525.0,154876.0,154569.0,154293.0,154089.0,153898.0,153758.0,153655.0,153612.0,153580.0,153595.0,153606.0,153654.0,153729.0,153785.0,153972.0,154110.0,154210.0,154339.0,154538.0,154783.0,155065.0,155269.0,155482.0,155637.0,155815.0,155943.0,156037.0,156105.0,156227.0,156316.0,156380.0,156426.0,156460.0,156484.0,156502.0,156515.0,156524.0,156531.0,156536.0,156539.0,156542.0,156544.0,156545.0,156546.0,156547.0,156547.0,156548.0,156548.0,156548.0,156549.0,156549.0,156549.0,157977.0,157747.0,157490.0,157303.0,157249.0,157211.0,157182.0,157162.0,157147.0,157137.0,157129.0,157123.0,157120.0,157117.0,157115.0,157113.0,157112.0,157111.0,157111.0,157110.0,157110.0,157110.0,157109.0,157109.0,157109.0,157109.0,157109.0,157109.0,157109.0,157109.0,157109.0,157109.0,157109.0,157220.0,157300.0,157358.0,157399.0,157430.0,157451.0,157467.0,157478.0,157486.0,157492.0,157497.0,157500.0,157502.0,157503.0,157505.0,157505.0,157540.0,157566.0,157584.0,157597.0,157607.0,157613.0,157618.0,157622.0,157624.0,157626.0,157628.0,157629.0,157629.0,157630.0,157630.0,157631.0,157631.0,157631.0,157631.0,157631.0,157631.0,157631.0,157631.0,157631.0,157631.0,157631.0,157631.0,157631.0,157631.0,157631.0,157631.0,157631.0,157631.0,157631.0,157631.0,157631.0,157631.0,157631.0,157631.0,157631.0,157631.0
109822.0,102701.0,112454.0,122840.0,129686.0,134540.0,137848.0,140123.0,141795.0,142655.0,143113.0,143226.0,142881.0,142198.0,141652.0,141096.0,140437.0,139863.0,139449.0,138956.0,138561.0,138252.0,137959.0,138108.0,138310.0,138615.0,138658.0,138689.0,138710.0,138726.0,138736.0,138744.0,138750.0,138754.0,138845.0,138909.0,138955.0,138988.0,139011.0,139027.0,139039.0,139047.0,139053.0,139057.0,139060.0,139155.0,139223.0,139271.0,139305.0,139329.0,139346.0,139358.0,139366.0,139372.0,139377.0,139380.0,139382.0,139384.0,139384.0,139385.0,139386.0,139386.0,139386.0,139386.0,139386.0,139386.0,139386.0,139387.0,139387.0,139387.0,139387.0,139387.0,139387.0,139387.0,139387.0,139387.0,139387.0,139387.0,139387.0,139387.0,139387.0,139387.0,139387.0,139387.0,139387.0,139387.0,139387.0,139387.0,139387.0,139387.0,139387.0,139387.0,139387.0,139387.0,139387.0,139387.0,139387.0,139387.0,139387.0,139387.0,139387.0,139387.0,139387.0,139387.0,139387.0,139387.0,139387.0,139387.0,139387.0,139387.0,139387.0,139387.0,139387.0,139387.0,139387.0,139387.0,139387.0,139387.0,139387.0,139387.0,139387.0,139387.0,139387.0,139387.0,139387.0,139387.0,139387.0,139387.0,139387.0,139387.0,139387.0,139387.0,139387.0,139387.0,139387.0,139387.0,139387.0,139387.0,139387.0,139387.0,139387.0,139387.0,139387.0,139387.0,139387.0,139387.0,139387.0,139387.0,139387.0,139387.0,580675.0,581695.0,575166.0,568467.0,563225.0,559134.0,556739.0,555065.0,553924.0,552917.0,552337.0,552220.0,552474.0,553074.0,553961.0,554786.0,555543.0,556183.0,556688.0,557108.0,557439.0,557682.0,557886.0,557986.0,558049.0,558452.0,558344.0,558267.0,558213.0,558174.0,558147.0,558128.0,558114.0,558104.0,558063.0,558034.0,558014.0,557999.0,557989.0,557982.0,557978.0,557974.0,557972.0,557970.0,557968.0,558001.0,558024.0,558040.0,558052.0,558060.0,558066.0,558070.0,558073.0,558075.0,558076.0,558077.0,558077.0,558077.0,558078.0,558078.0,558078.0,558078.0,558078.0,558078.0,558078.0,558078.0,558078.0,558078.0,558078.0,558078.0,558078.0,558078.0,558078.0,558078.0,558078.0,558078.0,558078.0,558078.0,558078.0,558078.0,558078.0,558078.0,558078.0,558078.0,558078.0,558078.0,558078.0,558078.0,558078.0,558078.0,558078.0,558078.0,558078.0,558078.0,558078.0,558078.0,558078.0,558078.0,558078.0,558078.0,558078.0,558078.0,558078.0,558078.0,558078.0,558078.0,558078.0,558078.0,558078.0,558078.0,558078.0,558078.0,558078.0,558078.0,558078.0,558078.0,558078.0,558078.0,558078.0,558078.0,558078.0,558078.0,558078.0,558078.0,558078.0,558078.0,558078.0,558078.0,558078.0,558078.0,558078.0,558078.0,558078.0,558078.0,558078.0,558078.0,558078.0,558078.0,558078.0,558078.0,558078.0,558078.0,558078.0,558078.0,558078.0,558078.0,558078.0,558078.0,558078.0,558078.0
291326.0,274565.0,274743.0,274568.0,274540.0,274745.0,275252.0,275672.0,276091.0,276398.0,276476.0,276444.0,276313.0,276117.0,275808.0,275453.0,274948.0,274408.0,273960.0,273480.0,272877.0,272297.0,271739.0,271173.0,270465.0,269505.0,268762.0,268036.0,267375.0,266877.0,266408.0,266195.0,266060.0,265992.0,266004.0,266040.0,265834.0,265582.0,265253.0,264849.0,264483.0,264199.0,263772.0,262851.0,261885.0,260664.0,259105.0,257045.0,254555.0,251667.0,249093.0,247212.0,246159.0,245716.0,245606.0,245487.0,245367.0,245176.0,245025.0,244945.0,245358.0,245375.0,245152.0,244994.0,244881.0,244802.0,244745.0,244705.0,244676.0,244656.0,244581.0,244529.0,244491.0,244464.0,244445.0,244432.0,244422.0,244415.0,244410.0,244407.0,244405.0,244403.0,244402.0,244401.0,244400.0,244400.0,244399.0,244399.0,244399.0,244399.0,244399.0,244398.0,244398.0,244398.0,244398.0,244398.0,244398.0,244398.0,244398.0,244398.0,244398.0,244398.0,244398.0,244398.0,244398.0,244398.0,244398.0,244398.0,244398.0,244398.0,244398.0,244398.0,244398.0,244398.0,244398.0,244398.0,244398.0,244398.0,244398.0,244398.0,244398.0,244398.0,244398.0,244398.0,244398.0,244398.0,244398.0,244398.0,244398.0,244398.0,244398.0,244398.0,244398.0,244398.0,244398.0,244398.0,244398.0,244398.0,244398.0,244398.0,244398.0,244398.0,244398.0,244398.0,244398.0,244398.0,244398.0,244398.0,244398.0,244398.0,996097.0,1.01219e+06,1.00216e+06,990947.0,983791.0,978162.0,972593.0,967724.0,963161.0,958932.0,955022.0,950700.0,946440.0,942152.0,937887.0,933629.0,929253.0,924994.0,920694.0,916194.0,911634.0,907380.0,903472.0,899894.0,896438.0,892723.0,889033.0,885758.0,882843.0,880196.0,877815.0,875372.0,873152.0,871064.0,868888.0,866920.0,865006.0,863266.0,861521.0,859567.0,857828.0,856243.0,854654.0,853108.0,851781.0,850871.0,849830.0,848931.0,848102.0,847533.0,847029.0,846721.0,846516.0,846441.0,846485.0,846538.0,846588.0,846762.0,846878.0,846968.0,846607.0,846423.0,846652.0,846814.0,846929.0,847011.0,847069.0,847110.0,847140.0,847160.0,847261.0,847332.0,847382.0,847417.0,847443.0,847461.0,847473.0,847483.0,847489.0,847494.0,847497.0,847500.0,847502.0,847503.0,847504.0,847504.0,847505.0,847506.0,847506.0,847506.0,847506.0,847506.0,847506.0,847506.0,847506.0,847506.0,847506.0,847506.0,847506.0,847506.0,847506.0,847506.0,847506.0,847506.0,847506.0,847506.0,847506.0,847506.0,847506.0,847506.0,847506.0,847506.0,847506.0,847506.0,847506.0,847506.0,847506.0,847506.0,847506.0,847506.0,847506.0,847506.0,847506.0,847506.0,847506.0,847506.0,847506.0,847506.0,847506.0,847506.0,847506.0,847506.0,847506.0,847506.0,847506.0,847506.0,847506.0,847506.0,847506.0,847506.0,847506.0,847506.0,847506.0,847506.0,847506.0,847506.0,847506.0,847506.0,847506.0,847506.0
142989.0,147896.0,156661.0,159141.0,161124.0,163889.0,166443.0,168606.0,170126.0,171234.0,171777.0,172029.0,172041.0,171841.0,171543.0,171293.0,170909.0,170584.0,170206.0,169636.0,169155.0,168785.0,168502.0,168394.0,168329.0,168600.0,168501.0,168315.0,168182.0,168843.0,168560.0,168357.0,168212.0,168187.0,168178.0,168055.0,167967.0,167904.0,167859.0,167827.0,167804.0,167788.0,167776.0,167767.0,167761.0,167757.0,167754.0,167752.0,167750.0,167749.0,167748.0,167748.0,167747.0,167747.0,167747.0,167747.0,167747.0,167747.0,167747.0,167746.0,167746.0,167746.0,167746.0,167746.0,167746.0,167746.0,167746.0,167746.0,167746.0,167746.0,167746.0,167746.0,167746.0,167746.0,167746.0,167746.0,167746.0,167746.0,167746.0,167746.0,167746.0,167746.0,167746.0,167746.0,167746.0,167746.0,167746.0,167746.0,167746.0,167746.0,167746.0,167746.0,167746.0,167746.0,167746.0,167746.0,167746.0,167746.0,167746.0,167746.0,167746.0,167746.0,167746.0,167746.0,167746.0,167746.0,167746.0,167746.0,167746.0,167746.0,167746.0,167746.0,167746.0,167746.0,167746.0,167746.0,167746.0,167746.0,167746.0,167746.0,167746.0,167746.0,167746.0,167746.0,167746.0,167746.0,167746.0,167746.0,167746.0,167746.0,167746.0,167746.0,167746.0,167746.0,167746.0,167746.0,167746.0,167746.0,167746.0,167746.0,167746.0,167746.0,167746.0,167746.0,167746.0,167746.0,167746.0,167746.0,167746.0,167746.0,117073.0,105691.0,95192.4,130357.0,182861.0,227631.0,258220.0,277634.0,290316.0,299583.0,307342.0,313796.0,319326.0,324193.0,328384.0,332129.0,335482.0,338311.0,341395.0,343012.0,344337.0,345327.0,346060.0,346246.0,346402.0,346690.0,347368.0,347283.0,347222.0,347622.0,347464.0,347352.0,347272.0,347423.0,347536.0,347560.0,347578.0,347590.0,347599.0,347605.0,347610.0,347613.0,347615.0,347617.0,347618.0,347619.0,347620.0,347620.0,347620.0,347620.0,347621.0,347621.0,347621.0,347621.0,347621.0,347621.0,347621.0,347621.0,347621.0,347621.0,347621.0,347621.0,347621.0,347621.0,347621.0,347621.0,347621.0,347621.0,347621.0,347621.0,347621.0,347621.0,347621.0,347621.0,347621.0,347621.0,347621.0,347621.0,347621.0,347621.0,347621.0,347621.0,347621.0,347621.0,347621.0,347621.0,347621.0,347621.0,347621.0,347621.0,347621.0,347621.0,347621.0,347621.0,347621.0,347621.0,347621.0,347621.0,347621.0,347621.0,347621.0,347621.0,347621.0,347621.0,347621.0,347621.0,347621.0,347621.0,347621.0,347621.0,347621.0,347621.0,347621.0,347621.0,347621.0,347621.0,347621.0,347621.0,347621.0,347621.0,347621.0,347621.0,347621.0,347621.0,347621.0,347621.0,347621.0,347621.0,347621.0,347621.0,347621.0,347621.0,347621.0,347621.0,347621.0,347621.0,347621.0,347621.0,347621.0,347621.0,347621.0,347621.0,347621.0,347621.0,347621.0,347621.0,347621.0,347621.0,347621.0,347621.0
293121.0,315087.0,331284.0,329039.0,340562.0,358578.0,372153.0,381337.0,387441.0,391353.0,393821.0,395215.0,395990.0,396494.0,397099.0,397486.0,397725.0,397873.0,397881.0,397738.0,397732.0,397773.0,397738.0,397713.0,397707.0,398105.0,397983.0,397897.0,397837.0,398201.0,398051.0,397945.0,397870.0,398341.0,398680.0,398753.0,398714.0,398413.0,398201.0,398052.0,397946.0,397934.0,397927.0,397921.0,397917.0,397914.0,397912.0,397911.0,398000.0,398063.0,398107.0,398138.0,398160.0,398176.0,398187.0,398195.0,398200.0,398204.0,398207.0,398209.0,398210.0,398820.0,398641.0,398515.0,398426.0,398363.0,398319.0,398288.0,398265.0,398250.0,398239.0,398231.0,398226.0,398222.0,398291.0,398339.0,398373.0,398397.0,398414.0,398426.0,398434.0,398440.0,398444.0,398447.0,398449.0,398451.0,398452.0,398453.0,398453.0,398454.0,398454.0,398454.0,398454.0,398454.0,398455.0,398455.0,398455.0,398455.0,398455.0,398455.0,398455.0,398455.0,398455.0,398455.0,398455.0,398455.0,398455.0,398455.0,398455.0,398455.0,398455.0,398455.0,398455.0,398455.0,398455.0,398455.0,398455.0,398455.0,398455.0,398455.0,398455.0,398455.0,398455.0,398455.0,398455.0,398455.0,398455.0,398455.0,398455.0,398455.0,398455.0,398455.0,398455.0,398455.0,398455.0,398455.0,398455.0,398455.0,398455.0,398455.0,398455.0,398455.0,398455.0,398455.0,398455.0,398455.0,398455.0,398455.0,398455.0,398455.0,324189.0,341215.0,355708.0,366657.0,377955.0,388391.0,394878.0,398719.0,401122.0,402617.0,403550.0,404084.0,404328.0,404430.0,404571.0,404658.0,404712.0,404739.0,404735.0,404255.0,404230.0,404302.0,404342.0,404370.0,404490.0,404568.0,404629.0,404673.0,404703.0,404719.0,404736.0,404748.0,404757.0,404706.0,404992.0,404923.0,404875.0,404847.0,404826.0,404812.0,404801.0,404805.0,404808.0,404810.0,404812.0,404813.0,404814.0,404815.0,404843.0,404864.0,404877.0,404887.0,404895.0,404899.0,404903.0,404905.0,404907.0,404908.0,404909.0,404909.0,404910.0,405308.0,405191.0,405109.0,405050.0,405010.0,404981.0,404960.0,404946.0,404935.0,404928.0,404923.0,404920.0,404917.0,404911.0,404906.0,404903.0,404901.0,404899.0,404898.0,404898.0,404897.0,404897.0,404897.0,404897.0,404897.0,404897.0,404897.0,404897.0,404897.0,404897.0,404897.0,404897.0,404897.0,404897.0,404897.0,404897.0,404897.0,404897.0,404897.0,404897.0,404897.0,404897.0,404897.0,404897.0,404897.0,404897.0,404897.0,404897.0,404897.0,404897.0,404897.0,404897.0,404897.0,404897.0,404897.0,404897.0,404897.0,404897.0,404897.0,404897.0,404897.0,404897.0,404897.0,404897.0,404897.0,404897.0,404897.0,404897.0,404897.0,404897.0,404897.0,404897.0,404897.0,404897.0,404897.0,404897.0,404897.0,404897.0,404897.0,404897.0,404897.0,404897.0,404897.0,404897.0,404897.0,404897.0,404897.0,404897.0,404897.0
547563.0,561058.0,571887.0,580209.0,586427.0,591285.0,595051.0,597845.0,599906.0,601384.0,602485.0,603398.0,604136.0,604704.0,605115.0,605423.0,605654.0,605762.0,605712.0,605806.0,605876.0,605929.0,605957.0,605978.0,605994.0,605830.0,605771.0,605838.0,605889.0,605870.0,605913.0,605908.0,605941.0,606069.0,606246.0,606374.0,606470.0,606561.0,606694.0,606793.0,606882.0,606948.0,606915.0,606891.0,606877.0,606866.0,606794.0,606741.0,606702.0,606671.0,606613.0,606567.0,606534.0,606508.0,606489.0,606475.0,606466.0,606458.0,606452.0,606447.0,606440.0,606439.0,606438.0,606437.0,606436.0,606436.0,606435.0,606435.0,606434.0,606434.0,606486.0,606525.0,606553.0,606575.0,606591.0,606603.0,606611.0,606617.0,606622.0,606626.0,606629.0,606631.0,606633.0,606634.0,606635.0,606635.0,606636.0,606636.0,606636.0,606636.0,606636.0,606636.0,606636.0,606636.0,606636.0,606636.0,606636.0,606636.0,606636.0,606636.0,606636.0,606636.0,606636.0,606636.0,606636.0,606636.0,606636.0,606636.0,606636.0,606636.0,606636.0,606636.0,606636.0,606636.0,606636.0,606636.0,606636.0,606636.0,606636.0,606636.0,606636.0,606636.0,606636.0,606636.0,606636.0,606636.0,606636.0,606636.0,606636.0,606636.0,606636.0,606636.0,606636.0,606636.0,606636.0,606636.0,606636.0,606636.0,606636.0,606636.0,606636.0,606636.0,606636.0,606636.0,606636.0,606636.0,606636.0,606636.0,606636.0,606636.0,630598.0,616484.0,605000.0,596119.0,590174.0,585559.0,582356.0,579978.0,578489.0,577458.0,576690.0,576292.0,576117.0,576046.0,576052.0,576057.0,576060.0,576096.0,576269.0,576253.0,576242.0,576232.0,576277.0,576311.0,576336.0,575850.0,575502.0,575728.0,575898.0,575648.0,575838.0,575705.0,575881.0,576055.0,576254.0,576412.0,576530.0,576561.0,576550.0,576542.0,576475.0,576426.0,576267.0,576149.0,575999.0,575888.0,575754.0,575653.0,575579.0,575523.0,575423.0,575288.0,575187.0,575112.0,575056.0,575014.0,574984.0,574961.0,574944.0,574932.0,574923.0,574916.0,574910.0,574906.0,574903.0,574900.0,574899.0,574897.0,574896.0,574895.0,574820.0,574765.0,574724.0,574693.0,574670.0,574653.0,574640.0,574631.0,574624.0,574619.0,574615.0,574612.0,574610.0,574609.0,574608.0,574607.0,574607.0,574606.0,574606.0,574606.0,574606.0,574606.0,574606.0,574606.0,574606.0,574606.0,574606.0,574606.0,574606.0,574606.0,574606.0,574606.0,574606.0,574606.0,574606.0,574606.0,574606.0,574606.0,574606.0,574606.0,574606.0,574606.0,574606.0,574606.0,574606.0,574606.0,574606.0,574606.0,574606.0,574606.0,574606.0,574606.0,574606.0,574606.0,574606.0,574606.0,574606.0,574606.0,574606.0,574606.0,574606.0,574606.0,574606.0,574606.0,574606.0,574606.0,574606.0,574606.0,574606.0,574606.0,574606.0,574606.0,574606.0,574606.0,574606.0,574606.0,574606.0,574606.0,574606.0,574606.0
314212.0,295892.0,282345.0,287303.0,283456.0,281988.0,286609.0,291969.0,297242.0,302079.0,306222.0,309680.0,312178.0,314268.0,315771.0,316931.0,317721.0,318365.0,318926.0,319327.0,319433.0,319609.0,319934.0,320154.0,320375.0,320674.0,320837.0,320816.0,320801.0,320946.0,320893.0,320943.0,321018.0,320853.0,320736.0,320652.0,320593.0,320550.0,320520.0,320498.0,320483.0,320472.0,320465.0,320459.0,320455.0,320452.0,320450.0,320449.0,320448.0,320447.0,320446.0,320446.0,320446.0,320446.0,320446.0,320446.0,320446.0,320446.0,320446.0,320446.0,320446.0,320446.0,320446.0,320446.0,320446.0,320446.0,320446.0,320446.0,320446.0,320446.0,320446.0,320446.0,320446.0,320446.0,320446.0,320446.0,320446.0,320446.0,320446.0,320446.0,320446.0,320446.0,320446.0,320446.0,320446.0,320446.0,320446.0,320446.0,320446.0,320446.0,320446.0,320446.0,320446.0,320446.0,320446.0,320446.0,320446.0,320446.0,320446.0,320446.0,320446.0,320446.0,320446.0,320446.0,320446.0,320446.0,320446.0,320446.0,320446.0,320446.0,320446.0,320446.0,320446.0,320446.0,320446.0,320446.0,320446.0,320446.0,320446.0,320446.0,320446.0,320446.0,320446.0,320446.0,320446.0,320446.0,320446.0,320446.0,320446.0,320446.0,320446.0,320446.0,320446.0,320446.0,320446.0,320446.0,320446.0,320446.0,320446.0,320446.0,320446.0,320446.0,320446.0,320446.0,320446.0,320446.0,320446.0,320446.0,320446.0,320446.0,144246.0,123278.0,115117.0,135939.0,162438.0,178772.0,180999.0,179174.0,175788.0,172327.0,169533.0,167238.0,165580.0,164239.0,163275.0,162628.0,162230.0,161924.0,162005.0,162063.0,161817.0,161710.0,162268.0,161918.0,161770.0,161870.0,162017.0,161922.0,161854.0,161949.0,161873.0,161885.0,161869.0,161837.0,161815.0,161799.0,161787.0,161779.0,161773.0,161769.0,161766.0,161764.0,161763.0,161762.0,161761.0,161760.0,161760.0,161759.0,161759.0,161759.0,161759.0,161759.0,161759.0,161759.0,161759.0,161759.0,161759.0,161759.0,161759.0,161759.0,161759.0,161759.0,161759.0,161759.0,161759.0,161759.0,161759.0,161759.0,161759.0,161759.0,161759.0,161759.0,161759.0,161759.0,161759.0,161759.0,161759.0,161759.0,161759.0,161759.0,161759.0,161759.0,161759.0,161759.0,161759.0,161759.0,161759.0,161759.0,161759.0,161759.0,161759.0,161759.0,161759.0,161759.0,161759.0,161759.0,161759.0,161759.0,161759.0,161759.0,161759.0,161759.0,161759.0,161759.0,161759.0,161759.0,161759.0,161759.0,161759.0,161759.0,161759.0,161759.0,161759.0,161759.0,161759.0,161759.0,161759.0,161759.0,161759.0,161759.0,161759.0,161759.0,161759.0,161759.0,161759.0,161759.0,161759.0,161759.0,161759.0,161759.0,161759.0,161759.0,161759.0,161759.0,161759.0,161759.0,161759.0,161759.0,161759.0,161759.0,161759.0,161759.0,161759.0,161759.0,161759.0,161759.0,161759.0,161759.0,161759.0,161759.0
