341632.0,361414.0,384897.0,410379.0,446348.0,488311.0,519049.0,539951.0,559139.0,576520.0,591166.0,602745.0,611375.0,617883.0,622767.0,626494.0,629199.0,631415.0,633089.0,634242.0,635111.0,635746.0,636244.0,636494.0,636686.0,636777.0,636764.0,636695.0,636600.0,636490.0,636375.0,636258.0,687884.0,697341.0,701933.0,705398.0,709655.0,713977.0,706707.0,700180.0,702105.0,706315.0,709687.0,712789.0,714878.0,716215.0,717193.0,717793.0,718193.0,718434.0,718713.0,718798.0,718847.0,718850.0,718838.0,718857.0,718818.0,718793.0,718782.0,718810.0,718846.0,718885.0,718927.0,718971.0
303888.0,317100.0,339988.0,365792.0,400034.0,441640.0,481058.0,511514.0,533396.0,551443.0,566607.0,578858.0,587502.0,594057.0,599328.0,603928.0,607768.0,611388.0,614593.0,617356.0,619787.0,621960.0,623879.0,625506.0,626946.0,628149.0,629177.0,630022.0,630766.0,631409.0,631955.0,632438.0,632864.0,768374.0,765834.0,766132.0,765656.0,763555.0,761944.0,755455.0,739707.0,731756.0,729567.0,728931.0,729774.0,730136.0,730057.0,729696.0,729152.0,728519.0,727820.0,727285.0,726671.0,726059.0,725443.0,724829.0,724267.0,723676.0,723161.0,722689.0,722285.0,721913.0,721582.0,721296.0,721035.0,720797.0
82611.4,94037.9,103351.0,110587.0,116346.0,122036.0,127197.0,131950.0,137861.0,144160.0,150039.0,155583.0,160804.0,166060.0,170974.0,175413.0,179483.0,183068.0,186300.0,189187.0,191864.0,194153.0,196078.0,197638.0,198950.0,200029.0,200893.0,201599.0,202160.0,202611.0,202986.0,203304.0,203571.0,203795.0,203987.0,204148.0,204281.0,204391.0,204482.0,204558.0,606524.0,585441.0,566928.0,552651.0,542434.0,534945.0,529833.0,525509.0,520939.0,516078.0,511531.0,507629.0,503638.0,499788.0,496434.0,493367.0,490353.0,487766.0,485832.0,484160.0,482778.0,481607.0,480671.0,479912.0,479178.0,478589.0,478120.0,477752.0,477467.0,477245.0,477068.0,476929.0,476813.0,476714.0,476631.0,476561.0,476502.0,476453.0,476412.0,476378.0
182312.0,191670.0,201254.0,200805.0,201267.0,202048.0,202510.0,203011.0,204414.0,206323.0,208007.0,209417.0,210899.0,212370.0,213628.0,214429.0,215080.0,215260.0,215045.0,214473.0,213966.0,213359.0,212622.0,211913.0,211247.0,210590.0,209938.0,209302.0,208671.0,208081.0,207520.0,207044.0,206622.0,206276.0,206000.0,205780.0,205606.0,205468.0,205360.0,205273.0,205193.0,540569.0,544734.0,532716.0,515751.0,504014.0,496233.0,491164.0,487419.0,484194.0,481301.0,479027.0,477328.0,475553.0,474289.0,473346.0,472340.0,471198.0,470353.0,470193.0,470304.0,470619.0,471030.0,471495.0,471965.0,472312.0,472681.0,473077.0,473459.0,473812.0,474153.0,474497.0,474791.0,475053.0,475272.0,475449.0,475594.0,475711.0,475804.0,475879.0,475940.0,475997.0
253831.0,272818.0,293693.0,317161.0,347799.0,382509.0,403070.0,425360.0,436221.0,441901.0,445459.0,447733.0,449815.0,451565.0,453035.0,454513.0,456147.0,457859.0,459292.0,460769.0,462364.0,464084.0,466037.0,467990.0,470066.0,471944.0,473829.0,475818.0,477729.0,479668.0,481553.0,483234.0,484735.0,486235.0,487934.0,489697.0,491348.0,493067.0,494532.0,495759.0,496796.0,497652.0,498374.0,499037.0,499573.0,500008.0,861689.0,857740.0,848850.0,839223.0,827530.0,817008.0,815302.0,808938.0,805860.0,808119.0,811158.0,813771.0,816193.0,818380.0,820483.0,822386.0,824149.0,825725.0,827156.0,828443.0,829682.0,830852.0,832048.0,833294.0,834668.0,835898.0,837095.0,838318.0,839471.0,840588.0,841631.0,842625.0,843512.0,844259.0,845004.0,845757.0,846496.0,847016.0,847508.0,847956.0,848435.0,848860.0,849226.0,849631.0,849959.0,850216.0
695612.0,703560.0,712386.0,719253.0,724484.0,728749.0,731620.0,733856.0,735573.0,737012.0,738453.0,739428.0,740124.0,740759.0,741297.0,741627.0,741857.0,741996.0,741977.0,741806.0,741544.0,741257.0,740767.0,740336.0,739868.0,739129.0,738301.0,737689.0,737168.0,736686.0,736192.0,735808.0,735090.0,734647.0,734234.0,734094.0,734012.0,734220.0,734618.0,735171.0,735741.0,736302.0,736821.0,737348.0,737946.0,738506.0,739016.0,739554.0,511894.0,509596.0,510797.0,509914.0,508135.0,506228.0,503901.0,501797.0,500174.0,499110.0,498629.0,498158.0,497819.0,497693.0,497618.0,497618.0,497705.0,497906.0,498088.0,498098.0,498107.0,498024.0,497862.0,497657.0,497509.0,497099.0,496655.0,496477.0,496288.0,496034.0,495866.0,495774.0,495545.0,495529.0,495487.0,495499.0,495544.0,495655.0,495646.0,495441.0,495108.0,494682.0,494089.0,493469.0,493080.0,492725.0,492410.0,492194.0
472683.0,472612.0,476549.0,482060.0,487977.0,494044.0,500289.0,506037.0,511552.0,516570.0,521231.0,525283.0,528969.0,532300.0,535269.0,537788.0,540032.0,541956.0,543599.0,545004.0,546194.0,547195.0,548165.0,549141.0,549969.0,550661.0,551304.0,551710.0,552262.0,552897.0,553609.0,554272.0,554944.0,555732.0,556432.0,557234.0,557840.0,558462.0,558981.0,559462.0,559899.0,560092.0,560241.0,560415.0,560633.0,560834.0,561114.0,561405.0,561635.0,197556.0,199757.0,203413.0,207326.0,210742.0,213868.0,216639.0,219365.0,221739.0,223933.0,225846.0,227215.0,228590.0,229775.0,230996.0,232179.0,233545.0,234611.0,235441.0,236100.0,236617.0,237168.0,237659.0,238274.0,238954.0,239343.0,239765.0,240125.0,240438.0,240707.0,241169.0,241716.0,242234.0,242600.0,242858.0,242927.0,243109.0,243286.0,243040.0,242772.0,242669.0,242611.0,242624.0,242379.0,242353.0,242291.0,242273.0,242363.0,242381.0
308362.0,305044.0,311317.0,321659.0,331447.0,340122.0,347956.0,354682.0,360264.0,364981.0,368983.0,372350.0,375232.0,377998.0,380823.0,383118.0,385069.0,386630.0,387928.0,388793.0,389546.0,390130.0,390530.0,390367.0,389816.0,389227.0,388655.0,388351.0,388426.0,388421.0,388480.0,388615.0,388605.0,388463.0,388288.0,388147.0,387982.0,387689.0,387682.0,387645.0,387379.0,386947.0,386555.0,386164.0,385655.0,385034.0,384429.0,383889.0,383302.0,382723.0,382196.0,381691.0,381225.0,380813.0,115920.0,131623.0,139425.0,143650.0,146807.0,149482.0,151772.0,153388.0,154661.0,155677.0,156820.0,157777.0,158544.0,159100.0,159496.0,159931.0,160274.0,160516.0,160726.0,160991.0,161112.0,161267.0,161308.0,161683.0,162128.0,162491.0,162940.0,163248.0,163500.0,163656.0,163808.0,163893.0,164168.0,164531.0,164760.0,164996.0,165139.0,165338.0,165445.0,165577.0,165741.0,166029.0,166322.0,166592.0,166966.0,167294.0,167666.0,167988.0,168295.0,168575.0,168815.0,169038.0,169229.0,169399.0
912592.0,897186.0,882048.0,868303.0,856135.0,844690.0,834246.0,824529.0,815825.0,808087.0,801205.0,795026.0,789646.0,785111.0,781066.0,777664.0,774701.0,772090.0,769948.0,768033.0,766134.0,764584.0,763395.0,762362.0,761046.0,760012.0,759136.0,758046.0,756994.0,755844.0,754630.0,753464.0,752143.0,750874.0,749310.0,747823.0,746472.0,745185.0,743974.0,742903.0,742001.0,740954.0,739928.0,738965.0,738044.0,737260.0,736650.0,736090.0,735396.0,734491.0,733660.0,732896.0,732061.0,731314.0,730486.0,729521.0,728516.0,727589.0,726578.0,76431.1,76544.1,82283.6,87684.7,93236.0,98824.1,103739.0,108301.0,112462.0,116688.0,120552.0,124229.0,127804.0,131195.0,134535.0,137612.0,140482.0,143323.0,145900.0,148170.0,149980.0,151735.0,153439.0,154911.0,156295.0,157665.0,159074.0,160411.0,161485.0,162525.0,163349.0,164189.0,164872.0,165625.0,166435.0,167174.0,168142.0,169096.0,170175.0,171126.0,171893.0,172791.0,173597.0,174162.0,174791.0,175315.0,175859.0,176379.0,176705.0,177018.0,177234.0,177360.0,177474.0,177420.0,177406.0,177464.0,177387.0,177356.0,177263.0
926797.0,929416.0,912119.0,895442.0,880659.0,867029.0,854873.0,843660.0,833949.0,825773.0,818858.0,813000.0,808135.0,804066.0,800403.0,797488.0,795003.0,792729.0,790916.0,789134.0,787510.0,786013.0,784900.0,783926.0,782616.0,781592.0,780818.0,779851.0,778773.0,777714.0,776732.0,775807.0,774800.0,773977.0,772920.0,772032.0,771242.0,770587.0,769844.0,769398.0,769059.0,768498.0,768059.0,767802.0,767583.0,767490.0,767615.0,767906.0,768201.0,768325.0,768615.0,769094.0,769544.0,770201.0,770944.0,771631.0,772297.0,773185.0,774045.0,750168.0,750088.0,750028.0,750142.0,750313.0,750519.0,750922.0,751347.0,751706.0,752091.0,752589.0,753054.0,753553.0,754055.0,754619.0,755266.0,755828.0,756583.0,757262.0,757939.0,758626.0,759399.0,760254.0,761066.0,761793.0,762615.0,169252.0,170235.0,169961.0,169549.0,170015.0,171007.0,172553.0,174193.0,175995.0,177935.0,179755.0,181564.0,183294.0,185009.0,186703.0,188033.0,189186.0,190216.0,191107.0,191706.0,191998.0,192124.0,192428.0,192703.0,192938.0,193520.0,194109.0,194508.0,194616.0,194844.0,195084.0,195488.0,195899.0,196471.0,197054.0,197570.0,198326.0,199196.0,199926.0,200641.0,201229.0,201734.0,202231.0,202668.0,203216.0,203678.0,204096.0,204613.0,205041.0,205501.0,205953.0,206472.0,206995.0,207514.0,208085.0,208700.0,209231.0,209905.0,210657.0,194602.0,195184.0,195665.0,196157.0,196742.0,197227.0,197689.0,198122.0,198483.0,198773.0,199107.0,199427.0,199806.0,200212.0,200666.0,201010.0,201395.0,201704.0,201989.0,202266.0,202597.0,202879.0,203260.0,203658.0,203997.0,204464.0
815596.0,815008.0,811099.0,806621.0,802808.0,800071.0,797902.0,796486.0,795512.0,794929.0,794536.0,794396.0,794621.0,795118.0,795854.0,796726.0,797954.0,798866.0,799498.0,800401.0,801660.0,802729.0,803859.0,804963.0,805983.0,807200.0,808559.0,809637.0,810600.0,811549.0,812182.0,812602.0,812835.0,812934.0,812992.0,813118.0,813144.0,813168.0,813045.0,812990.0,813036.0,812825.0,812582.0,812415.0,812167.0,812050.0,812135.0,812247.0,812438.0,812477.0,812592.0,812685.0,812784.0,812874.0,813049.0,813189.0,813290.0,813515.0,813831.0,813280.0,812861.0,812436.0,812098.0,811902.0,811753.0,811524.0,811141.0,810749.0,810520.0,810340.0,810096.0,809904.0,809831.0,809841.0,809946.0,810019.0,810191.0,810251.0,810146.0,809912.0,809722.0,809398.0,808889.0,808299.0,807626.0,789610.0,792829.0,795237.0,796911.0,798254.0,799269.0,800088.0,800660.0,801207.0,801782.0,802185.0,802544.0,802796.0,802973.0,803097.0,803184.0,803283.0,803352.0,803401.0,803479.0,803562.0,803620.0,803662.0,803812.0,803919.0,803994.0,804047.0,804084.0,804110.0,804262.0,804400.0,804497.0,804567.0,804616.0,804650.0,804675.0,804692.0,804749.0,804790.0,804818.0,804838.0,804853.0,804863.0,804958.0,805026.0,805074.0,805219.0,805322.0,805395.0,805448.0,805484.0,805511.0,805530.0,805543.0,805553.0,805682.0,805774.0,805839.0,805885.0,805918.0,805941.0,805957.0,805970.0,805978.0,805996.0,282463.0,275617.0,266734.0,260186.0,259584.0,259351.0,259261.0,258959.0,258882.0,258997.0,259492.0,260156.0,261074.0,261733.0,262371.0,262491.0,262177.0,261740.0,261892.0,261045.0,259940.0,258834.0,257929.0,257194.0,255999.0,254562.0,252695.0,250788.0,249064.0,247715.0,246614.0,245778.0,244810.0,244103.0,243588.0,243082.0,242867.0,242865.0,242719.0,242695.0,242682.0,242550.0,242451.0,242322.0,242256.0,242027.0,241760.0,241397.0,241095.0,240835.0,240629.0,240419.0,240338.0,240404.0,240374.0,240347.0,240276.0,240384.0,240347.0,240181.0,239983.0,239692.0,239346.0,239189.0,239062.0,238810.0,238618.0,238427.0,238289.0,238181.0,237965.0,237796.0,237740.0,237726.0,237608.0,237514.0,237435.0,237368.0,237270.0,237086.0,236885.0,236668.0,236417.0,236207.0,235838.0,222834.0,224829.0,226246.0,227231.0,228093.0,228720.0,229292.0,229692.0,230006.0,230236.0,230398.0,230545.0,230649.0,230722.0,230773.0,230809.0,230920.0,230998.0,231053.0,231176.0,231377.0,231519.0,231618.0,231661.0,231690.0,231711.0,231726.0,231736.0,231744.0,232002.0,232295.0,232502.0,232648.0,232752.0,232826.0,232878.0,232914.0,232985.0,233035.0,233070.0,233095.0,233113.0,233126.0,233148.0,233163.0,233174.0,233068.0,232993.0,232940.0,232902.0,232875.0,232856.0,232843.0,232833.0,232826.0,232779.0,232745.0,232721.0,232704.0,232693.0,232684.0,232678.0,232673.0,232670.0,232806.0
938461.0,934115.0,927336.0,921758.0,916291.0,911066.0,905372.0,900303.0,895746.0,891158.0,886495.0,881865.0,877113.0,872519.0,868140.0,863892.0,859767.0,855026.0,849644.0,844210.0,839108.0,834051.0,828763.0,823786.0,818055.0,811470.0,804986.0,798935.0,793249.0,788024.0,782814.0,777946.0,773101.0,768928.0,764949.0,761273.0,757756.0,754843.0,752454.0,750414.0,748738.0,747346.0,746197.0,745283.0,744617.0,744105.0,743710.0,743466.0,741788.0,742067.0,742264.0,742404.0,742480.0,742535.0,742573.0,742600.0,742620.0,742633.0,742643.0,742650.0,742721.0,742772.0,742807.0,742833.0,742851.0,742863.0,742872.0,742953.0,743010.0,743050.0,743079.0,743099.0,743190.0,743256.0,743302.0,743208.0,743141.0,743094.0,743060.0,743036.0,743018.0,743006.0,742997.0,742991.0,742987.0,742984.0,742982.0,742980.0,742979.0,742978.0,742978.0,742977.0,742977.0,742977.0,742977.0,742977.0,742977.0,742914.0,742869.0,742837.0,742814.0,742797.0,742786.0,742852.0,742899.0,742933.0,742957.0,742975.0,742987.0,742996.0,743002.0,743007.0,743010.0,743012.0,743014.0,743015.0,743016.0,743016.0,743017.0,743017.0,743017.0,743017.0,743017.0,743017.0,743017.0,743017.0,743017.0,743017.0,743017.0,743017.0,743017.0,742972.0,742941.0,742892.0,742858.0,742834.0,742816.0,742803.0,742794.0,742788.0,742784.0,742781.0,742779.0,742777.0,742776.0,742775.0,742774.0,742774.0,742774.0,742774.0,346923.0,354934.0,359699.0,363180.0,366401.0,369639.0,372995.0,375989.0,378832.0,381809.0,385076.0,388315.0,391586.0,394817.0,397979.0,401052.0,404206.0,407598.0,411132.0,414792.0,418401.0,421780.0,425560.0,429329.0,433886.0,438621.0,443267.0,447758.0,452051.0,456143.0,460289.0,464243.0,467680.0,470847.0,473837.0,476773.0,479574.0,482163.0,484261.0,485947.0,487208.0,488149.0,488721.0,489092.0,489510.0,489825.0,490059.0,490305.0,491056.0,490935.0,490850.0,490789.0,490678.0,490599.0,490543.0,490504.0,490476.0,490456.0,490442.0,490432.0,490488.0,490528.0,490556.0,490576.0,490590.0,490600.0,490607.0,490639.0,490662.0,490678.0,490689.0,490697.0,490717.0,490730.0,490740.0,490653.0,490592.0,490547.0,490516.0,490494.0,490478.0,490466.0,490458.0,490453.0,490449.0,490446.0,490443.0,490442.0,490441.0,490440.0,490440.0,490439.0,490439.0,490439.0,490438.0,490438.0,490438.0,490390.0,490356.0,490332.0,490314.0,490302.0,490293.0,490300.0,490305.0,490308.0,490310.0,490312.0,490313.0,490314.0,490315.0,490316.0,490316.0,490317.0,490317.0,490317.0,490317.0,490317.0,490317.0,490318.0,490318.0,490318.0,490318.0,490318.0,490318.0,490318.0,490318.0,490318.0,490318.0,490318.0,490318.0,490195.0,490108.0,489987.0,489902.0,489840.0,489796.0,489765.0,489743.0,489727.0,489716.0,489708.0,489703.0,489698.0,489695.0,489693.0,489691.0,489690.0,489690.0,489689.0
499887.0,505569.0,511385.0,517084.0,521877.0,525910.0,529252.0,532247.0,534700.0,536713.0,538472.0,539746.0,540743.0,541487.0,542050.0,542392.0,542562.0,542690.0,542741.0,542710.0,542686.0,542703.0,542562.0,542516.0,542393.0,542300.0,542230.0,542304.0,542359.0,542579.0,542677.0,542751.0,542541.0,542426.0,542344.0,542303.0,542272.0,542279.0,542337.0,542425.0,542491.0,542583.0,542652.0,542750.0,542824.0,542905.0,542966.0,543085.0,543252.0,543444.0,543586.0,543690.0,543768.0,543826.0,543869.0,543901.0,543924.0,543941.0,543954.0,543964.0,544069.0,544154.0,544216.0,544263.0,544296.0,544322.0,544340.0,544447.0,544525.0,544583.0,544626.0,544685.0,544815.0,544910.0,544981.0,545033.0,545071.0,545099.0,545120.0,545135.0,545147.0,545155.0,545161.0,545166.0,545169.0,545171.0,545172.0,545173.0,545174.0,545175.0,545176.0,545176.0,545176.0,545176.0,545176.0,545176.0,545176.0,545176.0,545176.0,545176.0,545176.0,545176.0,545176.0,545251.0,545305.0,545346.0,545376.0,545398.0,545414.0,545425.0,545360.0,545312.0,545278.0,545252.0,545233.0,545219.0,545209.0,545202.0,545196.0,545191.0,545188.0,545186.0,545185.0,545184.0,545183.0,545182.0,545182.0,545182.0,545181.0,545181.0,545181.0,545181.0,545181.0,545181.0,545181.0,545181.0,545181.0,545181.0,545181.0,545181.0,545181.0,545181.0,545181.0,545181.0,545181.0,545181.0,545181.0,545181.0,545181.0,545181.0,429232.0,427108.0,427613.0,428936.0,430185.0,431189.0,432028.0,432721.0,433420.0,433937.0,434160.0,434402.0,434748.0,435080.0,435331.0,435759.0,436369.0,436830.0,437244.0,437597.0,437863.0,438137.0,438415.0,438601.0,438709.0,438791.0,438852.0,438836.0,438824.0,438889.0,438913.0,438932.0,438726.0,438455.0,438194.0,437934.0,437739.0,437540.0,437139.0,436779.0,436510.0,436243.0,436043.0,435678.0,435406.0,435138.0,434938.0,434772.0,434662.0,434610.0,434572.0,434543.0,434522.0,434506.0,434495.0,434486.0,434480.0,434475.0,434471.0,434469.0,434438.0,434269.0,434145.0,434053.0,433985.0,433935.0,433898.0,433890.0,433884.0,433880.0,433877.0,433811.0,433799.0,433791.0,433784.0,433780.0,433776.0,433774.0,433772.0,433771.0,433770.0,433769.0,433768.0,433768.0,433768.0,433767.0,433767.0,433767.0,433767.0,433767.0,433767.0,433767.0,433767.0,433767.0,433767.0,433767.0,433767.0,433767.0,433767.0,433767.0,433767.0,433767.0,433767.0,433798.0,433821.0,433838.0,433850.0,433859.0,433866.0,433871.0,433840.0,433817.0,433800.0,433787.0,433778.0,433772.0,433767.0,433763.0,433761.0,433759.0,433757.0,433756.0,433755.0,433755.0,433754.0,433754.0,433754.0,433754.0,433753.0,433753.0,433753.0,433753.0,433753.0,433753.0,433753.0,433753.0,433753.0,433753.0,433753.0,433753.0,433753.0,433753.0,433753.0,433753.0,433753.0,433753.0,433753.0,433753.0,433753.0,433753.0
139432.0,151628.0,161239.0,164669.0,167729.0,171211.0,174359.0,177527.0,181734.0,186303.0,190294.0,193830.0,196963.0,199708.0,202024.0,203812.0,205137.0,205899.0,206477.0,206961.0,207434.0,207749.0,207888.0,207900.0,207836.0,207657.0,207446.0,207173.0,206837.0,206505.0,206187.0,205903.0,205658.0,205470.0,205327.0,205218.0,205137.0,205077.0,205034.0,205002.0,204784.0,204882.0,204809.0,204760.0,204726.0,204625.0,204311.0,203961.0,203721.0,203555.0,203447.0,203326.0,203243.0,203186.0,203146.0,202958.0,202772.0,202644.0,202555.0,202494.0,202451.0,202347.0,202275.0,202230.0,202198.0,202110.0,202049.0,202007.0,201978.0,201902.0,201849.0,201812.0,201787.0,201769.0,201757.0,201748.0,201742.0,201738.0,201736.0,201734.0,201732.0,201731.0,201658.0,201608.0,201572.0,201548.0,201531.0,201519.0,201511.0,201505.0,201501.0,201499.0,201497.0,201495.0,201494.0,201494.0,201449.0,201418.0,201397.0,201382.0,201371.0,201364.0,201359.0,201243.0,201162.0,201106.0,201067.0,201040.0,200965.0,200863.0,200791.0,200741.0,200706.0,200682.0,200665.0,200653.0,200645.0,200639.0,200635.0,200632.0,200630.0,200629.0,200628.0,200627.0,200627.0,200705.0,200760.0,200798.0,200825.0,200843.0,200856.0,200865.0,200872.0,200876.0,200879.0,200881.0,200883.0,200884.0,200884.0,200885.0,200885.0,200886.0,200886.0,200886.0,200886.0,200886.0,200886.0,200886.0,200886.0,200886.0,621360.0,597099.0,575526.0,557258.0,543862.0,533930.0,526805.0,520724.0,514842.0,509007.0,503739.0,499121.0,494559.0,490630.0,487346.0,484521.0,481975.0,480033.0,478706.0,477718.0,477039.0,476554.0,476207.0,475975.0,475728.0,475580.0,475505.0,475506.0,475570.0,475654.0,475751.0,475850.0,475938.0,476006.0,476059.0,476100.0,476130.0,476152.0,476167.0,476178.0,476278.0,476194.0,476232.0,476258.0,476427.0,476562.0,476700.0,476874.0,476993.0,477075.0,477232.0,477242.0,477249.0,477254.0,477257.0,477280.0,477350.0,477399.0,477433.0,477456.0,477472.0,477500.0,477519.0,477628.0,477704.0,477787.0,477844.0,477884.0,477912.0,477982.0,478031.0,478065.0,478089.0,478105.0,478117.0,478125.0,478130.0,478134.0,478136.0,478138.0,478139.0,478140.0,478157.0,478168.0,478176.0,478182.0,478186.0,478189.0,478190.0,478192.0,478192.0,478193.0,478193.0,478193.0,478194.0,478194.0,478105.0,478044.0,478001.0,477972.0,477951.0,477936.0,477927.0,477912.0,477902.0,477895.0,477890.0,477886.0,477929.0,478082.0,478189.0,478263.0,478315.0,478352.0,478377.0,478394.0,478406.0,478415.0,478421.0,478425.0,478428.0,478430.0,478432.0,478433.0,478433.0,478510.0,478563.0,478601.0,478627.0,478646.0,478658.0,478667.0,478673.0,478678.0,478681.0,478683.0,478684.0,478685.0,478685.0,478686.0,478686.0,478686.0,478686.0,478686.0,478686.0,478686.0,478686.0,478686.0,478686.0,478686.0
685840.0,679749.0,673698.0,667212.0,660521.0,654412.0,648673.0,643648.0,639012.0,635124.0,631706.0,628524.0,625611.0,622940.0,620738.0,618533.0,616400.0,614279.0,612020.0,609597.0,607343.0,604639.0,601954.0,599253.0,596389.0,593446.0,590644.0,588033.0,585509.0,583208.0,581113.0,579085.0,577311.0,575757.0,574235.0,572986.0,571710.0,570407.0,569241.0,568219.0,567371.0,566419.0,565570.0,564909.0,564416.0,564017.0,563795.0,563667.0,563546.0,562500.0,562377.0,562288.0,562149.0,561962.0,561697.0,561459.0,561286.0,561160.0,561003.0,560955.0,560920.0,560918.0,560916.0,560915.0,560862.0,560824.0,560796.0,560775.0,560761.0,560749.0,560741.0,560717.0,560699.0,560687.0,560760.0,560813.0,560938.0,560974.0,561001.0,561020.0,561033.0,561043.0,561051.0,561057.0,561061.0,561307.0,561485.0,561614.0,561707.0,561775.0,561825.0,561860.0,561886.0,562053.0,562175.0,562262.0,562326.0,562372.0,562405.0,562429.0,562446.0,562459.0,562468.0,562475.0,562480.0,562483.0,562485.0,562486.0,562488.0,562489.0,562489.0,562490.0,562490.0,562490.0,562490.0,562491.0,562491.0,562491.0,562491.0,562491.0,562491.0,562491.0,562491.0,562491.0,562491.0,562491.0,562491.0,562491.0,562491.0,562491.0,562491.0,562491.0,562491.0,562491.0,562491.0,562491.0,562491.0,562491.0,562491.0,562491.0,562609.0,562695.0,562757.0,562802.0,562834.0,562858.0,562875.0,562888.0,562896.0,562903.0,345326.0,340269.0,336826.0,334148.0,330953.0,327547.0,324215.0,320916.0,317880.0,315142.0,312550.0,310317.0,308275.0,306423.0,304857.0,303509.0,302466.0,301295.0,300031.0,298529.0,296984.0,295184.0,293377.0,291509.0,289204.0,286533.0,283726.0,280815.0,277883.0,275064.0,272429.0,270082.0,267689.0,265293.0,263032.0,260745.0,258671.0,256754.0,254587.0,252574.0,250939.0,249574.0,248507.0,247346.0,246536.0,245807.0,245246.0,244871.0,244495.0,243322.0,243270.0,243233.0,243337.0,243540.0,243764.0,243990.0,244154.0,244274.0,244369.0,244429.0,244473.0,244306.0,244184.0,244095.0,243968.0,243876.0,243809.0,243760.0,243724.0,243699.0,243680.0,243574.0,243498.0,243442.0,243410.0,243387.0,243370.0,243407.0,243434.0,243454.0,243468.0,243479.0,243486.0,243492.0,243496.0,243528.0,243551.0,243567.0,243579.0,243588.0,243594.0,243599.0,243602.0,243570.0,243548.0,243531.0,243519.0,243510.0,243504.0,243500.0,243496.0,243494.0,243492.0,243491.0,243490.0,243489.0,243489.0,243489.0,243488.0,243488.0,243488.0,243488.0,243488.0,243488.0,243488.0,243488.0,243488.0,243488.0,243488.0,243488.0,243488.0,243488.0,243488.0,243488.0,243488.0,243488.0,243488.0,243488.0,243488.0,243488.0,243488.0,243488.0,243488.0,243488.0,243488.0,243488.0,243488.0,243488.0,243488.0,243488.0,243521.0,243544.0,243561.0,243573.0,243582.0,243589.0,243593.0,243597.0,243599.0,243601.0
583944.0,571211.0,560390.0,552593.0,547818.0,546343.0,550166.0,553394.0,552224.0,550088.0,547456.0,544373.0,541497.0,538375.0,535418.0,532545.0,529951.0,527629.0,525366.0,523508.0,521692.0,519899.0,518272.0,516691.0,515269.0,514010.0,512845.0,511822.0,510903.0,510032.0,509113.0,508243.0,507462.0,506747.0,506322.0,505931.0,505590.0,505379.0,505038.0,504695.0,504394.0,504094.0,503789.0,503570.0,503357.0,503161.0,501665.0,501722.0,501830.0,501922.0,502078.0,502188.0,502352.0,502469.0,502552.0,502680.0,502771.0,502837.0,502944.0,503019.0,503073.0,503191.0,503276.0,503335.0,503378.0,503408.0,503430.0,503446.0,503456.0,503465.0,503470.0,503474.0,503477.0,503478.0,503480.0,503481.0,503482.0,503482.0,503483.0,503483.0,503483.0,503483.0,503483.0,503483.0,503483.0,503484.0,503484.0,503484.0,503484.0,503484.0,503484.0,503484.0,503484.0,503484.0,503484.0,503484.0,503484.0,503484.0,503484.0,503484.0,503484.0,503484.0,503550.0,503597.0,503632.0,503656.0,503673.0,503685.0,503694.0,503700.0,503705.0,503708.0,503710.0,503712.0,503713.0,503714.0,503714.0,503715.0,503715.0,503715.0,503715.0,503715.0,503715.0,503715.0,503715.0,503715.0,503715.0,503715.0,503715.0,503715.0,503715.0,503715.0,503715.0,503715.0,503715.0,503715.0,503715.0,503715.0,503715.0,503715.0,503715.0,503715.0,503715.0,503736.0,503751.0,503762.0,503770.0,503775.0,503779.0,503782.0,944442.0,926159.0,911628.0,899734.0,890140.0,883040.0,871802.0,860591.0,858272.0,858165.0,858816.0,860010.0,861211.0,862302.0,863069.0,863508.0,863655.0,863542.0,863365.0,863018.0,862359.0,861678.0,861004.0,860315.0,859669.0,859055.0,858504.0,858138.0,857761.0,857401.0,856988.0,856544.0,856104.0,855549.0,855135.0,854710.0,854353.0,853875.0,853419.0,853037.0,852794.0,852570.0,852362.0,852266.0,852163.0,852062.0,851184.0,851215.0,851327.0,851511.0,851751.0,851922.0,852107.0,852238.0,852331.0,852484.0,852592.0,852670.0,852811.0,852912.0,852984.0,853111.0,853202.0,853267.0,853313.0,853346.0,853369.0,853386.0,853398.0,853407.0,853413.0,853417.0,853420.0,853422.0,853423.0,853425.0,853425.0,853426.0,853426.0,853426.0,853427.0,853427.0,853427.0,853427.0,853427.0,853427.0,853427.0,853427.0,853427.0,853427.0,853427.0,853427.0,853427.0,853427.0,853427.0,853427.0,853427.0,853427.0,853427.0,853427.0,853427.0,853427.0,853508.0,853565.0,853606.0,853635.0,853656.0,853671.0,853682.0,853690.0,853694.0,853698.0,853701.0,853703.0,853704.0,853706.0,853706.0,853707.0,853707.0,853707.0,853708.0,853708.0,853708.0,853708.0,853709.0,853709.0,853709.0,853709.0,853709.0,853709.0,853709.0,853709.0,853709.0,853709.0,853709.0,853709.0,853709.0,853709.0,853709.0,853709.0,853709.0,853709.0,853709.0,853814.0,853889.0,853943.0,853981.0,854008.0,854028.0,854042.0
427847.0,440770.0,454914.0,468313.0,488100.0,512877.0,532350.0,549075.0,565813.0,581947.0,595493.0,606348.0,614462.0,620630.0,625192.0,628655.0,631065.0,633045.0,634513.0,635541.0,636195.0,636654.0,636997.0,637156.0,637250.0,637242.0,637162.0,637026.0,636867.0,636711.0,636553.0,636403.0,636205.0,634812.0,634942.0,634936.0,634932.0,635106.0,635229.0,635315.0,635376.0,635417.0,635365.0,635328.0,635302.0,635205.0,635069.0,634973.0,634906.0,634806.0,634628.0,634503.0,634415.0,634353.0,634254.0,634185.0,634135.0,634004.0,633911.0,633845.0,633799.0,633767.0,633744.0,633727.0,633717.0,633709.0,633703.0,633698.0,633696.0,633694.0,633692.0,633691.0,633690.0,633690.0,633690.0,633689.0,633689.0,633689.0,633689.0,633689.0,633689.0,633689.0,633689.0,633689.0,633689.0,633689.0,633689.0,633689.0,633689.0,633689.0,633689.0,633689.0,633689.0,633689.0,633689.0,633689.0,633689.0,633689.0,633689.0,633689.0,633689.0,633689.0,633689.0,633689.0,633689.0,633689.0,633689.0,633689.0,633689.0,633689.0,633689.0,633689.0,633689.0,633689.0,633689.0,633689.0,633689.0,633689.0,633689.0,633689.0,633689.0,633689.0,633689.0,633689.0,633689.0,633689.0,633689.0,633689.0,633689.0,633689.0,633689.0,633689.0,633653.0,633628.0,633610.0,633597.0,633588.0,633582.0,633578.0,633574.0,633572.0,633571.0,633570.0,633570.0,633569.0,633569.0,633569.0,633568.0,633568.0,633568.0,613042.0,619747.0,626333.0,631783.0,639491.0,650615.0,660735.0,669499.0,680183.0,689327.0,696461.0,702269.0,706422.0,709336.0,711511.0,713037.0,714185.0,715061.0,715923.0,716483.0,716931.0,717256.0,717507.0,717757.0,717913.0,718059.0,718191.0,718312.0,718442.0,718561.0,718664.0,718757.0,718923.0,719699.0,719505.0,719148.0,718898.0,718643.0,718464.0,718338.0,718250.0,718188.0,718168.0,718154.0,718144.0,718112.0,718043.0,717994.0,717959.0,717848.0,717789.0,717747.0,717718.0,717698.0,717614.0,717555.0,717514.0,717463.0,717428.0,717403.0,717384.0,717372.0,717364.0,717358.0,717354.0,717351.0,717349.0,717347.0,717346.0,717345.0,717344.0,717343.0,717343.0,717343.0,717343.0,717343.0,717343.0,717343.0,717343.0,717343.0,717343.0,717343.0,717343.0,717343.0,717343.0,717343.0,717343.0,717343.0,717343.0,717343.0,717343.0,717343.0,717343.0,717343.0,717343.0,717343.0,717343.0,717343.0,717343.0,717343.0,717343.0,717343.0,717343.0,717343.0,717343.0,717343.0,717343.0,717343.0,717343.0,717343.0,717343.0,717343.0,717343.0,717343.0,717343.0,717343.0,717343.0,717343.0,717343.0,717343.0,717343.0,717343.0,717343.0,717343.0,717343.0,717343.0,717343.0,717343.0,717343.0,717343.0,717343.0,717343.0,717243.0,717172.0,717123.0,717088.0,717063.0,717045.0,717033.0,717024.0,717018.0,717014.0,717011.0,717009.0,717007.0,717006.0,717005.0,717004.0,717004.0,717004.0
211353.0,198465.0,186850.0,177514.0,169896.0,164111.0,159835.0,156647.0,154176.0,152065.0,150647.0,149477.0,148480.0,147773.0,147266.0,146965.0,146631.0,146467.0,146176.0,145848.0,145679.0,145615.0,145736.0,145825.0,145890.0,145938.0,145973.0,146105.0,146382.0,146637.0,146883.0,147178.0,147433.0,147618.0,147805.0,148038.0,148357.0,148588.0,148958.0,149332.0,149600.0,149793.0,150065.0,150301.0,150448.0,150553.0,150628.0,150682.0,150720.0,150748.0,150812.0,150859.0,150892.0,150915.0,150932.0,150944.0,151047.0,151120.0,151173.0,151210.0,151336.0,151426.0,151577.0,151726.0,151832.0,151907.0,152041.0,152136.0,152203.0,152251.0,152286.0,152310.0,152327.0,152339.0,152348.0,152354.0,152358.0,152362.0,152364.0,152451.0,152512.0,152556.0,152587.0,152685.0,152754.0,152803.0,152838.0,152863.0,152881.0,152893.0,152902.0,152908.0,152913.0,152916.0,152918.0,152920.0,152921.0,152922.0,152922.0,152923.0,152923.0,152923.0,152923.0,152923.0,152923.0,152924.0,152924.0,152924.0,152924.0,152951.0,152970.0,152984.0,152994.0,153001.0,153006.0,153009.0,153011.0,153013.0,153014.0,153015.0,153016.0,153016.0,153016.0,153017.0,153017.0,152959.0,152918.0,152889.0,152869.0,152854.0,152844.0,152837.0,152832.0,152828.0,152825.0,152823.0,152822.0,152821.0,152821.0,152820.0,152820.0,152820.0,152819.0,152819.0,152819.0,152819.0,152819.0,152819.0,152819.0,152819.0,137605.0,158183.0,176523.0,191291.0,203036.0,211937.0,218482.0,223543.0,227417.0,230653.0,233199.0,235184.0,236416.0,237401.0,238253.0,238822.0,239346.0,239792.0,240178.0,240440.0,240701.0,240905.0,241061.0,241176.0,241260.0,241322.0,241367.0,241395.0,241247.0,241111.0,241013.0,240926.0,240793.0,240697.0,240592.0,240458.0,240250.0,240101.0,239994.0,239837.0,239725.0,239644.0,239490.0,239316.0,239268.0,239233.0,239209.0,239191.0,239179.0,239170.0,239254.0,239314.0,239357.0,239388.0,239410.0,239425.0,239392.0,239368.0,239351.0,239338.0,239296.0,239265.0,239211.0,239266.0,239306.0,239334.0,239348.0,239359.0,239366.0,239371.0,239375.0,239378.0,239380.0,239381.0,239382.0,239383.0,239383.0,239383.0,239383.0,239317.0,239270.0,239236.0,239212.0,239123.0,239059.0,239014.0,238982.0,238960.0,238944.0,238933.0,238924.0,238919.0,238915.0,238912.0,238910.0,238908.0,238907.0,238906.0,238906.0,238906.0,238905.0,238905.0,238905.0,238905.0,238905.0,238905.0,238905.0,238905.0,238905.0,238994.0,239057.0,239102.0,239134.0,239156.0,239172.0,239183.0,239191.0,239197.0,239201.0,239204.0,239206.0,239207.0,239209.0,239209.0,239210.0,239330.0,239415.0,239476.0,239519.0,239549.0,239570.0,239586.0,239596.0,239604.0,239609.0,239613.0,239616.0,239618.0,239619.0,239620.0,239621.0,239621.0,239622.0,239622.0,239622.0,239622.0,239622.0,239622.0,239622.0,239622.0
333024.0,343044.0,355731.0,364167.0,368559.0,370298.0,373720.0,381201.0,394991.0,407871.0,418543.0,426359.0,432109.0,436151.0,439055.0,441076.0,442395.0,443336.0,443966.0,444416.0,444740.0,444973.0,445058.0,445118.0,445131.0,445140.0,445147.0,445151.0,445155.0,445157.0,445159.0,445160.0,445161.0,445162.0,445163.0,445163.0,445163.0,445163.0,445164.0,445164.0,445151.0,445142.0,445135.0,445100.0,445074.0,445056.0,445043.0,445033.0,444998.0,445007.0,445013.0,445018.0,445021.0,445024.0,445025.0,444996.0,444974.0,444959.0,444923.0,444897.0,444879.0,444866.0,444856.0,444850.0,444845.0,444841.0,444839.0,444837.0,444835.0,444834.0,444834.0,444833.0,444833.0,444833.0,444833.0,444833.0,444833.0,444833.0,444832.0,444832.0,444832.0,444832.0,444832.0,444832.0,444832.0,444832.0,444832.0,444832.0,444832.0,444832.0,444832.0,444832.0,444832.0,444832.0,444832.0,444832.0,444832.0,444832.0,444832.0,444832.0,444832.0,444832.0,444799.0,444775.0,444758.0,444746.0,444737.0,444731.0,444727.0,444723.0,444721.0,444720.0,444719.0,444718.0,444717.0,444716.0,444716.0,444716.0,444716.0,444716.0,444716.0,444716.0,444716.0,444716.0,444716.0,444716.0,444716.0,444716.0,444716.0,444716.0,444716.0,444716.0,444716.0,444716.0,444716.0,444716.0,444716.0,444716.0,444716.0,444716.0,444716.0,444716.0,444716.0,444750.0,444775.0,444792.0,444805.0,444814.0,444820.0,444825.0,481206.0,483566.0,487459.0,487905.0,486361.0,484119.0,486100.0,496025.0,516827.0,537452.0,554753.0,568530.0,578728.0,586384.0,591965.0,596217.0,599479.0,601902.0,603797.0,605245.0,606288.0,607041.0,607621.0,608039.0,608426.0,608705.0,608906.0,609052.0,609157.0,609233.0,609287.0,609326.0,609354.0,609374.0,609389.0,609400.0,609408.0,609414.0,609418.0,609420.0,609518.0,609588.0,609639.0,609770.0,609864.0,609931.0,609980.0,610015.0,610128.0,610312.0,610444.0,610540.0,610608.0,610657.0,610693.0,610810.0,610894.0,610954.0,611106.0,611214.0,611293.0,611349.0,611388.0,611417.0,611437.0,611452.0,611462.0,611470.0,611476.0,611480.0,611482.0,611484.0,611485.0,611486.0,611486.0,611487.0,611487.0,611488.0,611488.0,611488.0,611488.0,611488.0,611488.0,611488.0,611489.0,611489.0,611489.0,611489.0,611489.0,611489.0,611489.0,611489.0,611489.0,611489.0,611489.0,611489.0,611489.0,611489.0,611489.0,611489.0,611489.0,611489.0,611612.0,611701.0,611764.0,611810.0,611842.0,611866.0,611883.0,611895.0,611902.0,611908.0,611912.0,611916.0,611918.0,611921.0,611922.0,611924.0,611925.0,611925.0,611926.0,611926.0,611927.0,611927.0,611927.0,611927.0,611927.0,611927.0,611928.0,611928.0,611928.0,611928.0,611928.0,611928.0,611928.0,611928.0,611928.0,611928.0,611928.0,611928.0,611928.0,611928.0,611928.0,612043.0,612125.0,612184.0,612226.0,612256.0,612277.0,612292.0
660932.0,686182.0,702381.0,714226.0,728678.0,745662.0,760897.0,773508.0,783073.0,790457.0,795803.0,799788.0,802767.0,804961.0,806703.0,808015.0,808956.0,809695.0,810305.0,810742.0,811057.0,811282.0,811444.0,811559.0,811643.0,811703.0,811746.0,811777.0,811800.0,811816.0,811827.0,811835.0,811841.0,811846.0,811781.0,811654.0,811564.0,811498.0,811452.0,811418.0,811395.0,811377.0,811365.0,811356.0,811350.0,811277.0,811142.0,811044.0,810975.0,810848.0,810757.0,810692.0,810645.0,810613.0,810516.0,810446.0,810396.0,810293.0,810219.0,810166.0,810128.0,810101.0,810082.0,810068.0,810059.0,810052.0,810047.0,810043.0,810051.0,810056.0,810061.0,810063.0,810065.0,810066.0,810068.0,810068.0,810069.0,810069.0,810069.0,810069.0,810069.0,810069.0,810070.0,810070.0,810070.0,810070.0,810070.0,810070.0,810070.0,810070.0,810070.0,810070.0,810070.0,810070.0,810070.0,810070.0,810070.0,810070.0,810070.0,810070.0,810070.0,810070.0,810070.0,810070.0,810070.0,810070.0,810070.0,810070.0,810070.0,810070.0,810070.0,810070.0,810070.0,810070.0,810070.0,810070.0,810070.0,810070.0,810070.0,810070.0,810070.0,810070.0,810070.0,810070.0,810070.0,810070.0,810070.0,810070.0,810070.0,810070.0,810070.0,810070.0,809977.0,809911.0,809864.0,809830.0,809807.0,809790.0,809778.0,809769.0,809763.0,809759.0,809756.0,809754.0,809753.0,809752.0,809751.0,809750.0,809750.0,809750.0,792186.0,777376.0,770564.0,767924.0,770311.0,775723.0,781046.0,785386.0,788663.0,791158.0,792997.0,794287.0,795157.0,795832.0,796285.0,796652.0,796915.0,797073.0,797187.0,797269.0,797328.0,797370.0,797400.0,797422.0,797438.0,797449.0,797456.0,797462.0,797466.0,797469.0,797471.0,797473.0,797475.0,797476.0,797507.0,797528.0,797543.0,797553.0,797561.0,797567.0,797570.0,797573.0,797575.0,797577.0,797578.0,797534.0,797488.0,797454.0,797431.0,797447.0,797458.0,797466.0,797473.0,797477.0,797493.0,797505.0,797512.0,797462.0,797426.0,797400.0,797382.0,797369.0,797361.0,797354.0,797349.0,797346.0,797343.0,797342.0,797286.0,797246.0,797218.0,797199.0,797184.0,797174.0,797166.0,797161.0,797158.0,797156.0,797154.0,797153.0,797152.0,797151.0,797150.0,797150.0,797150.0,797150.0,797149.0,797149.0,797149.0,797149.0,797149.0,797149.0,797149.0,797149.0,797149.0,797149.0,797149.0,797149.0,797149.0,797149.0,797149.0,797149.0,797149.0,797149.0,797149.0,797149.0,797149.0,797149.0,797149.0,797149.0,797149.0,797149.0,797149.0,797149.0,797149.0,797149.0,797149.0,797149.0,797149.0,797149.0,797149.0,797149.0,797149.0,797149.0,797149.0,797149.0,797149.0,797149.0,797149.0,797149.0,797149.0,797149.0,797195.0,797227.0,797250.0,797266.0,797277.0,797285.0,797291.0,797296.0,797299.0,797301.0,797303.0,797304.0,797305.0,797306.0,797307.0,797307.0,797307.0,797308.0
864136.0,856395.0,850870.0,847250.0,845063.0,843385.0,841756.0,840475.0,839445.0,838457.0,837773.0,837202.0,836902.0,836678.0,836443.0,836268.0,836137.0,836118.0,836110.0,836104.0,836100.0,836096.0,836093.0,836091.0,836118.0,836214.0,836317.0,836395.0,836562.0,836686.0,836833.0,836942.0,837084.0,837190.0,837384.0,837598.0,837911.0,838146.0,838323.0,838407.0,838468.0,838507.0,838330.0,838122.0,837967.0,837852.0,837766.0,837701.0,837607.0,837536.0,837483.0,837444.0,837354.0,837287.0,837237.0,837200.0,837173.0,837152.0,837020.0,836921.0,836848.0,836793.0,836752.0,836723.0,836700.0,836684.0,836671.0,836662.0,836666.0,836669.0,836671.0,836673.0,836674.0,836675.0,836676.0,836651.0,836633.0,836620.0,836610.0,836602.0,836597.0,836593.0,836590.0,836588.0,836586.0,836584.0,836584.0,836583.0,836582.0,836582.0,836582.0,836582.0,836581.0,836581.0,836581.0,836581.0,836581.0,836564.0,836550.0,836540.0,836533.0,836528.0,836524.0,836521.0,836519.0,836517.0,836516.0,836515.0,836514.0,836514.0,836514.0,836513.0,836513.0,836513.0,836513.0,836513.0,836513.0,836513.0,836513.0,836513.0,836513.0,836513.0,836513.0,836513.0,836513.0,836513.0,836513.0,836513.0,836513.0,836513.0,836513.0,836513.0,836513.0,836469.0,836436.0,836412.0,836394.0,836380.0,836370.0,836363.0,836358.0,836355.0,836352.0,836350.0,836348.0,836347.0,836346.0,836346.0,836345.0,836345.0,564846.0,586544.0,604000.0,616815.0,625049.0,630870.0,634316.0,636070.0,637306.0,638187.0,638899.0,639319.0,639621.0,639847.0,639907.0,639951.0,640046.0,640074.0,640151.0,640209.0,640252.0,640285.0,640310.0,640328.0,640442.0,640486.0,640469.0,640456.0,640442.0,640432.0,640476.0,640508.0,640483.0,640464.0,640408.0,640385.0,640266.0,640177.0,640110.0,640021.0,639894.0,639743.0,639603.0,639483.0,639394.0,639327.0,639277.0,639239.0,639099.0,638995.0,638918.0,638861.0,638770.0,638702.0,638652.0,638614.0,638586.0,638566.0,638435.0,638338.0,638265.0,638211.0,638171.0,638141.0,638119.0,638102.0,638090.0,638080.0,638000.0,637940.0,637895.0,637863.0,637838.0,637819.0,637806.0,637636.0,637509.0,637415.0,637345.0,637293.0,637254.0,637225.0,637204.0,637188.0,637176.0,637167.0,637160.0,637155.0,637152.0,637149.0,637147.0,637146.0,637145.0,637144.0,637144.0,637144.0,637143.0,637054.0,636988.0,636939.0,636902.0,636875.0,636855.0,636840.0,636829.0,636821.0,636814.0,636809.0,636806.0,636803.0,636801.0,636799.0,636798.0,636798.0,636797.0,636797.0,636797.0,636797.0,636797.0,636797.0,636797.0,636797.0,636797.0,636797.0,636797.0,636797.0,636797.0,636797.0,636797.0,636797.0,636797.0,636797.0,636797.0,636747.0,636711.0,636683.0,636664.0,636648.0,636636.0,636628.0,636623.0,636619.0,636616.0,636613.0,636611.0,636610.0,636609.0,636608.0,636608.0,636607.0
297324.0,289641.0,285349.0,284462.0,284543.0,285363.0,286665.0,288161.0,289408.0,290400.0,291546.0,292758.0,293770.0,294890.0,296328.0,297551.0,298810.0,300258.0,301825.0,303378.0,304948.0,306456.0,308226.0,309872.0,311347.0,312713.0,313976.0,315548.0,317648.0,319742.0,321954.0,324456.0,327163.0,329743.0,332321.0,335000.0,337956.0,340765.0,343799.0,347030.0,350087.0,353075.0,356088.0,359083.0,361893.0,364475.0,366829.0,368994.0,370817.0,372387.0,373685.0,374703.0,375520.0,376179.0,378449.0,378417.0,378512.0,378579.0,378627.0,378660.0,378804.0,378906.0,379070.0,379186.0,379190.0,379192.0,379278.0,379339.0,379382.0,379413.0,379435.0,379450.0,379461.0,379469.0,379474.0,379478.0,379481.0,379483.0,379484.0,379607.0,379695.0,379757.0,379802.0,379933.0,380027.0,380094.0,380141.0,380175.0,380199.0,380216.0,380228.0,380237.0,380243.0,380248.0,380251.0,380253.0,380254.0,380255.0,380256.0,380256.0,380257.0,380257.0,380257.0,380257.0,380258.0,380258.0,380258.0,380258.0,380258.0,380258.0,380258.0,380258.0,380258.0,380258.0,380258.0,380258.0,380258.0,380258.0,380258.0,380258.0,380258.0,380258.0,380258.0,380258.0,380258.0,380258.0,380258.0,380258.0,380258.0,380258.0,380258.0,380258.0,380258.0,380258.0,380258.0,380258.0,380258.0,380258.0,380258.0,380258.0,380258.0,380258.0,380258.0,380258.0,380258.0,380258.0,380258.0,380258.0,380258.0,380258.0,248686.0,249472.0,250113.0,250209.0,249920.0,249361.0,247997.0,245996.0,244025.0,241899.0,239623.0,237005.0,234534.0,231950.0,228695.0,225525.0,222387.0,219336.0,216176.0,213094.0,210176.0,207533.0,205084.0,202788.0,200746.0,198974.0,197392.0,195866.0,194472.0,193182.0,191907.0,190582.0,189268.0,188051.0,186896.0,185675.0,184407.0,183298.0,182022.0,180738.0,179548.0,178473.0,177430.0,176351.0,175375.0,174488.0,173755.0,173088.0,172545.0,172077.0,171670.0,171355.0,171089.0,170874.0,169976.0,169862.0,169759.0,169686.0,169635.0,169599.0,169540.0,169498.0,169446.0,169408.0,169388.0,169374.0,169320.0,169281.0,169254.0,169234.0,169221.0,169211.0,169204.0,169199.0,169195.0,169193.0,169191.0,169190.0,169189.0,169095.0,169028.0,168981.0,168947.0,168933.0,168922.0,168915.0,168910.0,168906.0,168903.0,168902.0,168900.0,168899.0,168898.0,168898.0,168898.0,168898.0,168897.0,168897.0,168897.0,168897.0,168897.0,168897.0,168897.0,168897.0,168897.0,168897.0,168897.0,168897.0,168897.0,168897.0,168897.0,168897.0,168897.0,168897.0,168897.0,168897.0,168897.0,168897.0,168897.0,168897.0,168897.0,168897.0,168897.0,168897.0,168897.0,168897.0,168897.0,168897.0,168897.0,168897.0,168897.0,168897.0,168897.0,168897.0,168897.0,168897.0,168897.0,168897.0,168897.0,168897.0,168897.0,168897.0,168897.0,168897.0,168897.0,168897.0,168897.0,168897.0,168897.0,168897.0
586424.0,599194.0,610496.0,620555.0,628811.0,635362.0,640822.0,645022.0,648554.0,651464.0,653626.0,655193.0,656384.0,657397.0,658100.0,658875.0,659450.0,660102.0,660632.0,661081.0,661452.0,661772.0,662031.0,662296.0,662605.0,662955.0,663366.0,663837.0,664162.0,664334.0,664693.0,664908.0,665032.0,665155.0,665341.0,665415.0,665619.0,665847.0,666025.0,666297.0,666606.0,666940.0,667273.0,667538.0,667887.0,668185.0,668444.0,668627.0,668844.0,669064.0,669211.0,669386.0,669404.0,669365.0,669288.0,669231.0,669002.0,668830.0,668552.0,668960.0,669308.0,669573.0,669845.0,670100.0,670298.0,670462.0,670583.0,670675.0,670743.0,670827.0,670890.0,670970.0,671029.0,671080.0,671180.0,671253.0,671260.0,671176.0,671146.0,671122.0,671102.0,671045.0,671050.0,670962.0,670895.0,671403.0,671824.0,672058.0,672227.0,672409.0,672580.0,672845.0,673037.0,673277.0,673503.0,673666.0,673834.0,673955.0,674043.0,674107.0,674152.0,674251.0,674322.0,674374.0,674475.0,674629.0,674740.0,674819.0,674883.0,674929.0,674962.0,674986.0,675004.0,675016.0,675264.0,675535.0,675730.0,675870.0,675970.0,676041.0,676093.0,676130.0,676208.0,676264.0,676304.0,676332.0,676353.0,676367.0,676413.0,676446.0,676470.0,676477.0,676482.0,676486.0,676488.0,676490.0,676491.0,676492.0,676493.0,676493.0,676493.0,676494.0,676494.0,676494.0,676494.0,676494.0,676494.0,676494.0,676494.0,676588.0,173345.0,171552.0,168831.0,167564.0,165556.0,163699.0,161899.0,160091.0,158272.0,156826.0,155603.0,154582.0,153644.0,152782.0,151985.0,151111.0,150390.0,149831.0,149336.0,148908.0,148514.0,148097.0,147688.0,147259.0,146823.0,146325.0,145892.0,145291.0,144759.0,144215.0,143799.0,143590.0,143375.0,143265.0,143247.0,143163.0,143119.0,143106.0,143233.0,143305.0,143372.0,143702.0,144012.0,144247.0,144744.0,145200.0,145557.0,145754.0,145831.0,146104.0,146353.0,146408.0,146487.0,146569.0,146651.0,146695.0,146570.0,146468.0,146439.0,146472.0,146487.0,146493.0,146480.0,146510.0,146566.0,146638.0,146690.0,146727.0,146754.0,146782.0,146802.0,146823.0,146839.0,146896.0,146945.0,146982.0,146983.0,146956.0,146960.0,146963.0,146971.0,147038.0,147079.0,147020.0,146975.0,147278.0,147432.0,147499.0,147549.0,147643.0,147756.0,147864.0,147943.0,147981.0,148135.0,148247.0,148373.0,148463.0,148529.0,148577.0,148611.0,148628.0,148640.0,148648.0,148651.0,148626.0,148607.0,148593.0,148690.0,148759.0,148810.0,148846.0,148872.0,148891.0,148896.0,148874.0,148858.0,148847.0,148838.0,148833.0,148828.0,148825.0,148842.0,148853.0,148861.0,148867.0,148872.0,148875.0,148939.0,148985.0,149017.0,148922.0,148854.0,148806.0,148771.0,148746.0,148728.0,148715.0,148706.0,148699.0,148694.0,148691.0,148689.0,148687.0,148686.0,148685.0,148684.0,148684.0,148684.0,148639.0
189184.0,207255.0,232291.0,255681.0,284250.0,298573.0,300418.0,292488.0,284460.0,277892.0,272910.0,269129.0,266124.0,263889.0,262227.0,260889.0,259757.0,258912.0,258286.0,257823.0,257481.0,257227.0,257040.0,256901.0,256710.0,256569.0,256465.0,256464.0,256541.0,256598.0,256640.0,256672.0,256694.0,256711.0,256873.0,256992.0,257160.0,257359.0,257505.0,257612.0,257691.0,257749.0,257792.0,257823.0,257846.0,257863.0,257875.0,257884.0,257891.0,257896.0,257968.0,258034.0,258177.0,258281.0,258358.0,258414.0,258456.0,258486.0,258508.0,258524.0,258536.0,258647.0,258729.0,258788.0,258832.0,258864.0,258887.0,258904.0,258917.0,258926.0,258932.0,258937.0,258941.0,258943.0,258945.0,258947.0,258948.0,258949.0,258950.0,258950.0,258950.0,258950.0,258950.0,258950.0,258950.0,258950.0,258950.0,258950.0,258950.0,258950.0,258950.0,258950.0,258950.0,258950.0,258950.0,258950.0,258955.0,258958.0,258961.0,258963.0,258964.0,258965.0,258966.0,258966.0,258967.0,258967.0,258967.0,258967.0,258967.0,258967.0,258967.0,258967.0,258967.0,258967.0,258967.0,258967.0,258967.0,258967.0,258967.0,258967.0,258967.0,258967.0,258967.0,258967.0,258967.0,258967.0,258967.0,258967.0,258967.0,258967.0,258967.0,258967.0,258967.0,258967.0,258967.0,258967.0,258967.0,258967.0,258967.0,258967.0,258967.0,258967.0,258967.0,258967.0,258967.0,258967.0,258967.0,258967.0,258967.0,258967.0,641949.0,667566.0,682954.0,687521.0,696036.0,705239.0,714413.0,721117.0,726389.0,730162.0,732908.0,735005.0,736523.0,737652.0,738491.0,739006.0,739263.0,739368.0,739446.0,739504.0,739546.0,739578.0,739602.0,739619.0,739562.0,739520.0,739488.0,739521.0,739588.0,739637.0,739673.0,739700.0,739720.0,739734.0,739856.0,739946.0,740067.0,740232.0,740352.0,740441.0,740506.0,740553.0,740589.0,740615.0,740634.0,740648.0,740659.0,740666.0,740671.0,740675.0,740752.0,740688.0,740657.0,740635.0,740618.0,740606.0,740597.0,740591.0,740586.0,740583.0,740581.0,740584.0,740586.0,740587.0,740588.0,740589.0,740589.0,740590.0,740590.0,740590.0,740590.0,740590.0,740590.0,740590.0,740590.0,740590.0,740590.0,740590.0,740590.0,740590.0,740590.0,740590.0,740590.0,740590.0,740590.0,740590.0,740590.0,740590.0,740590.0,740590.0,740590.0,740590.0,740590.0,740590.0,740590.0,740590.0,740487.0,740412.0,740357.0,740317.0,740287.0,740266.0,740250.0,740239.0,740230.0,740224.0,740219.0,740216.0,740214.0,740212.0,740210.0,740209.0,740209.0,740208.0,740208.0,740208.0,740207.0,740207.0,740207.0,740207.0,740207.0,740207.0,740207.0,740207.0,740207.0,740207.0,740207.0,740207.0,740207.0,740207.0,740207.0,740207.0,740207.0,740207.0,740207.0,740207.0,740207.0,740207.0,740207.0,740207.0,740207.0,740207.0,740207.0,740207.0,740207.0,740207.0,740207.0,740207.0,740207.0,740207.0
325680.0,327852.0,331592.0,338059.0,345069.0,351044.0,357253.0,363796.0,368398.0,369556.0,370533.0,371219.0,371971.0,372625.0,373213.0,373680.0,374078.0,374368.0,374578.0,374731.0,374927.0,375069.0,375173.0,375248.0,375302.0,375342.0,375371.0,375319.0,375282.0,375254.0,375235.0,375221.0,375210.0,375203.0,375197.0,375266.0,375316.0,375352.0,375378.0,375397.0,375411.0,375374.0,375347.0,375328.0,375252.0,375155.0,374952.0,374672.0,374469.0,374324.0,374219.0,374143.0,374089.0,374050.0,374076.0,374005.0,373883.0,373796.0,373734.0,373689.0,373657.0,373572.0,373511.0,373467.0,373435.0,373341.0,373273.0,373224.0,373190.0,373079.0,373000.0,372944.0,372903.0,372874.0,372854.0,372839.0,372828.0,372821.0,372815.0,372786.0,372766.0,372751.0,372678.0,372626.0,372590.0,372563.0,372545.0,372531.0,372522.0,372515.0,372510.0,372506.0,372503.0,372502.0,372501.0,372500.0,372500.0,372499.0,372499.0,372499.0,372499.0,372499.0,372499.0,372446.0,372408.0,372380.0,372361.0,372347.0,372261.0,372139.0,371989.0,371881.0,371805.0,371751.0,371712.0,371684.0,371664.0,371650.0,371640.0,371633.0,371628.0,371625.0,371622.0,371620.0,371619.0,371618.0,371617.0,371616.0,371616.0,371616.0,371615.0,371615.0,371615.0,371615.0,371615.0,371615.0,371615.0,371615.0,371615.0,371615.0,371615.0,371615.0,371615.0,371615.0,371615.0,371615.0,371615.0,371615.0,371615.0,371615.0,334106.0,339926.0,346498.0,353237.0,359311.0,364434.0,370360.0,381406.0,390048.0,390515.0,390762.0,390865.0,390734.0,390545.0,390347.0,390158.0,390022.0,389923.0,389851.0,389798.0,389665.0,389569.0,389498.0,389447.0,389410.0,389384.0,389364.0,389389.0,389408.0,389421.0,389431.0,389438.0,389443.0,389447.0,389450.0,389412.0,389385.0,389365.0,389350.0,389340.0,389333.0,389361.0,389381.0,389396.0,389407.0,389460.0,389664.0,389867.0,390013.0,390118.0,390194.0,390248.0,390288.0,390316.0,390255.0,390326.0,390383.0,390424.0,390453.0,390474.0,390489.0,390562.0,390614.0,390651.0,390678.0,390738.0,390782.0,390812.0,390834.0,390863.0,390883.0,390898.0,390908.0,390915.0,390921.0,390924.0,390927.0,390929.0,390931.0,390830.0,390758.0,390706.0,390728.0,390745.0,390756.0,390764.0,390770.0,390775.0,390778.0,390780.0,390781.0,390782.0,390783.0,390783.0,390784.0,390784.0,390784.0,390784.0,390784.0,390784.0,390784.0,390784.0,390784.0,390880.0,390948.0,390996.0,391031.0,391056.0,391091.0,391144.0,391180.0,391205.0,391223.0,391236.0,391246.0,391252.0,391257.0,391260.0,391263.0,391264.0,391266.0,391267.0,391267.0,391268.0,391268.0,391268.0,391268.0,391268.0,391268.0,391268.0,391268.0,391268.0,391268.0,391268.0,391268.0,391268.0,391268.0,391268.0,391268.0,391268.0,391268.0,391268.0,391268.0,391268.0,391268.0,391268.0,391268.0,391268.0,391268.0,391268.0
