6.59087586039,-1.25378172723
10.8571477628,-4.64635236376
5.13241502441,-0.296830834851
5.98922099651,-6.49768062834
7.93813919042,4.05389780739
7.41904422426,-0.236530371917
4.88454872883,7.85051062431
6.44649013805,4.44688892301
4.56627444192,1.23932849998
4.00220940436,-4.61496219714
9.00439200438,0.176861300446
4.06116597152,-2.57831025157
12.7129106969,3.33046761522
1.44671761104,2.3399067917
8.00460235971,0.802419863255
5.93770336457,-2.91008795241
3.63511839768,4.41579664789
7.03134690751,6.03344565952
8.84676065545,2.65516607378
10.5338578287,-1.09946462727
5.40245164818,-4.66138833867
11.1250353356,-4.90003151093
3.89504014783,0.902997498832
6.54923086314,-2.56428009713
4.43923070279,-1.63056607764
12.0824159051,2.87583502524
2.83858985775,-2.2071973361
3.45425709198,-0.547727870105
10.0771107062,-3.63870930028
7.06953929854,-3.95653816343
6.2561566555,-0.0922727568884
6.66036329099,3.44988826988
10.3288554155,2.355896727
2.93448310151,0.241196033367
5.77970166252,1.5672632753
0.421639347484,-3.2020934629
4.83180546107,2.21838863518
4.28986880562,-0.434580734127
5.72970907071,-0.720161810698
8.48360669978,2.86614355582
7.9971504893,2.2285219852
6.54982186069,-9.66653927267
5.57937972688,-3.20215123219
1.96888717171,2.47142084379
8.43297139837,2.65183020126
7.92501746617,0.373630565002
5.48580669827,1.76501290976
10.6847227284,-6.7809192567
9.24211872627,4.78927431672
9.52727887763,-1.24501143088
9.08824810978,5.38269244535
6.96558514633,4.41604920567
1.67407466583,2.59141922814
7.36055986362,-0.287916470046
9.94612744619,-1.82491557894
7.64632861278,-0.971396524511
5.06047418799,-1.92508865063
10.5731434024,-1.84872878833
2.96685171194,0.367421618695
10.1778361802,1.26962509115
7.27113280565,-1.38959501968
1.83770381009,1.33932132983
11.1803023928,6.55558760174
4.16993526808,3.93165679178
2.71942178279,1.02737432465
6.81700017161,3.01398944508
11.3145889253,0.393895496167
2.83265835588,4.00910198532
4.74358296097,10.1179271797
7.72561681386,-0.538397981017
9.99500775462,6.57354174766
7.16950766629,4.17266731829
1.0697037084,-0.992270292955
8.0191966158,3.78566926589
3.43654262724,1.02547162137
11.3060443254,-5.50017834723
3.37011415751,7.67094029975
0.143580315985,-6.34361670599
8.0753079648,-3.03851742301
0.266398220314,-4.66215673853
13.6088707367,2.62536187332
4.17443993132,6.15205745358
4.11711095935,-3.28701640069
-2.46210454686,5.21131505236
5.0824422604,-1.19577242951
2.53286379457,-1.32537208981
11.7236388553,-1.19976140619
2.6983460438,4.42423223479
12.6811588528,-6.63966974753
7.37780603266,-0.316138634918
9.05560371601,3.68758839531
7.0599943792,1.43461642236
6.34726596117,8.03750421957
5.3020019613,-0.878498495332
12.2277636726,2.88910491087
4.72321471099,-0.519430829459
13.7608619265,-2.75505751401
2.8154497277,0.271540696277
8.95031743046,-2.43194743812
6.78953354696,3.14387670313
10.7496598203,0.110614620025
11.0719071277,5.34339258799
0.378045552852,-1.26567912131
7.8466090208,0.430897843432
5.23906873092,3.4153324477
5.66434285822,-4.59134839197
5.59383025224,-1.73628733044
1.17868840579,-7.14965735532
8.00690197928,2.23826952208
0.32833628141,5.89574737125
6.74974214701,4.02405001464
6.12310760775,-2.47156593637
6.03724417552,5.77285795889
3.20009524735,2.1101602158
2.58730375317,0.822420263706
0.313428638523,2.68445235868
12.9105864855,5.60820578834
11.8437151978,4.5152828529
6.51017912266,3.06306193082
4.63699072059,-1.30673234564
5.94554112684,-1.62385316325
0.412900850203,-2.34424278327
5.09758477289,4.12028203594
10.1360206195,-4.18410603775
7.26016031689,-0.364238361477
7.7846352271,-3.64960883094
11.4447022905,-6.89533140099
1.54977690863,3.63036742546
7.27525968977,1.81363343494
11.473824869,-1.27939315464
5.96708367084,4.10395647441
5.23957188233,2.30767895523
7.53977204411,5.12872025402
11.5358975105,-0.329708406369
7.95050171341,5.35123203467
9.66620017706,1.10579367561
5.67500300212,3.83763423947
0.243314208082,4.1369658482
8.38421280781,1.85054990396
-1.08182827803,7.0334662214
5.97349061819,2.22860120458
10.2169925152,3.37734775831
4.07060114939,3.8826991803
12.0000271691,1.8553558978
4.07598767236,3.10248786624
-0.716277885487,-0.602648812612
5.55496997458,-0.806128114551
0.0973172236103,-2.86393707374
7.69183975766,0.904175282493
7.84518779025,0.603229518258
8.35887359203,-6.13179824949
7.47981286589,3.48662549621
9.51555638633,0.95437265865
7.56523560294,2.87203219234
9.37366288438,1.54029453928
7.1566498492,0.670369842762
0.120334642744,-1.4748357265
1.95262843201,-4.35001211841
13.4997712564,-3.92002799834
3.71184245771,0.672991618134
12.580798096,0.423330368025
8.49745197135,0.768054921018
1.80697690814,2.05487489863
6.8926515446,-2.67006665739
7.36489191273,-2.83068708953
1.80908616678,-2.71198416915
9.61174352071,0.375282643213
6.76601017604,-3.26427247494
6.25482610371,3.48139418475
2.7889046827,-0.355529076753
4.04787994563,-2.20585504957
8.65492010815,0.592860405482
-2.6986127268,-1.39040030392
3.14967911358,-1.91891984017
2.71080931946,-1.31926873221
8.69130746506,2.89192069116
3.74172316694,3.74477257612
6.36655387584,4.29856265713
7.15005102833,-1.83906623912
9.50923671688,7.31461974123
4.12297736749,2.15329466144
3.16051544564,-4.13265095926
4.35416049348,9.19304994632
3.15839283019,-5.64040929889
11.0197393077,0.678866371195
7.62673915336,1.14660659953
8.06812774131,4.24376135587
-0.218553264335,1.50569728578
2.0212032861,1.5580277618
-0.424044591281,3.28474416674
3.17899568987,-0.132849006982
6.99210748633,6.50829958156
6.63314456825,0.488678657736
9.53597635067,-1.37354339738
5.47813789051,8.60934057821
5.50437786388,-2.73318649717
6.27037103488,-3.12794187249
9.33515306682,4.97827073922
4.67654031002,2.82875720496
10.1364505206,1.87688307791
7.94017827594,-0.895022123947
0.884212641218,0.816013055288
8.0030466556,5.36172440583
3.47198291851,1.47579256094
4.11139455009,4.10304159008
5.98329643413,-2.73480320558
7.81172427528,-1.68926272019
1.05982735777,3.3077640506
6.50101767793,5.29014114384
7.83971253654,3.66352054263
4.83638154497,-0.736031710138
8.46485869219,-1.61377791044
3.59150576275,-2.12170680009
5.0513145958,-2.24828398594
7.08500783079,1.86334048154
6.79055795639,-3.28737504142
6.38981391405,2.986523759
8.64344140955,0.921673453292
9.49891952287,-3.24826758734
8.01128774275,3.97545830971
4.62399234477,-5.58565270239
7.01064295188,3.42562779636
7.00051268608,5.28604957371
6.4455783001,-2.08206044652
5.38314125851,6.16048736121
1.3532358309,-1.91606912346
4.93522857134,5.96077132237
4.35839807984,-1.54662815231
8.65401090205,-0.676908674041
9.12555305493,2.39291972755
1.78692661868,7.13905850229
5.9645470186,-1.6025420117
10.2654776494,-0.808613724262
11.2127390823,7.90697606012
5.46952292061,-3.75817479998
6.87813996189,-0.104981088258
11.7867386579,-0.626306124422
4.29880760408,0.982328668733
0.716078970263,-2.50497998421
5.90356981937,5.37436131079
10.0577650356,3.36581590069
5.556199729,-5.71260655998
1.71618763583,0.0827764017738
4.5292028482,1.68443492706
6.64882244738,-1.73043043999
8.77301898828,-3.11163226796
9.68213641958,-1.38334860608
6.46684737677,3.81818437024
6.58435494841,5.12201033042
10.3725605183,-1.05251769142
-5.07900426055,0.95129623188
7.17859981538,4.52585787786
10.4334295973,3.26062385404
2.70867960373,-0.73419082215
3.2609359252,3.11110162397
7.58198328524,-2.80523568897
9.51599088048,0.503204001052
3.88250469746,-0.364524580922
0.678346937712,2.36465762091
4.13186331633,3.55123409186
2.10705333149,-1.99476489144
5.63424440195,0.902912927704
9.01030602483,-0.904596866267
2.41258266189,-0.647309558624
7.01428659423,-2.14175242903
5.34497627112,1.35583115547
6.0475551685,-1.63924482128
4.84647759351,-0.901554516491
4.26685406239,1.01993576593
4.05405408749,1.98533772302
7.05801387972,0.561469765507
7.36279254232,4.20048704838
1.24291491602,2.54095937939
4.44846492096,0.258717599648
6.78318407491,2.05990737448
1.80757915499,-3.49648930063
3.32491988162,5.51948486465
6.67803384962,-0.515794738334
4.80220516304,0.778327253989
10.438137986,7.41027519455
13.376896893,4.34867877691
6.69313381079,-0.175748011432
3.4407357148,0.813033169669
6.88390370397,0.2875278894
4.09159665592,-3.49279844415
6.48082638309,-1.74894780405
9.94429952811,-4.52967368321
5.79118340411,1.69477949167
8.57552116859,-6.61678836349
0.898161411888,5.80679483451
6.64883190867,4.64531114441
7.79109086857,1.86655226733
2.38426589391,2.04479130252
3.20432273218,0.715127532422
5.30878661222,-0.186033053842
9.44112274243,-2.8372370612
14.5470505799,-0.109922222965
0.202167006241,4.14284803181
14.0679795633,-0.398223228186
5.43322803719,4.33708177351
5.15804025955,7.48022341133
14.6252415529,1.08071234854
4.14350903176,0.794405069456
5.42768802699,-3.51939072467
4.93934433986,4.16574526975
11.8719026112,-1.8681276137
10.8818916962,-0.186009816359
1.2106970552,4.73427294872
5.24303254141,-1.85364715545
0.43459484677,-5.9923252868
6.54315528832,2.56681648478
2.58009525696,-0.409464770119
7.74166082414,-2.13500617656
5.59840477436,-1.44348397008
4.34458385428,0.0509707781836
11.5138724719,-2.32959033753
-3.86435094763,-4.42103080287
6.897620284,-0.547422610152
10.7472493541,3.60728937414
10.3946103941,-4.73572274992
1.5744082536,-2.1398851404
9.03775843823,-4.79077756605
6.55974618885,5.27267749985
5.68669809077,-5.62218680696
5.54448784588,5.00898849732
8.39965103439,5.64648286075
5.94348387491,-6.57484638343
8.15219260104,-3.54095149057
2.73994828022,4.05178103256
4.59172709031,3.41086890112
6.01188418157,4.76254636506
-1.43763578075,2.45975819455
2.80889760561,-1.15516579258
7.55938968791,2.74240865978
12.0118949198,-2.7112194326
7.89349184477,-0.747477239932
7.50985985596,-3.32365919837
5.40734396601,-3.30387765577
0.604322884826,-4.52600256801
9.04377546833,6.39194039345
7.19049379686,9.02284960695
9.86974555519,-2.82490028835
4.39822215108,5.23696949999
1.00015951937,-1.81124121904
12.9569275895,-3.44243173861
4.62810068998,2.16424781591
5.74145629631,10.2991866231
4.90322010649,3.92607082792
7.83788881149,-0.696159865901
-2.4739448385,3.33156487121
6.21224783197,7.39909104532
2.58333430439,1.2028284921
8.23472173678,0.32401880355
0.794136705289,1.6719534049
4.03569070633,4.94365972228
9.01391508519,3.73628673269
5.37189827544,3.93886453828
7.66576192955,1.98342935823
8.78767210402,6.82333070392
6.92265701985,-0.232069068584
3.17911541036,0.826317706596
6.43740159935,-2.13551495922
8.50421053288,4.02916092427
10.1748839073,4.0475057056
2.38306177627,6.21703915977
6.70598055821,-1.40072416586
4.29181406275,-2.38848297143
15.5741617876,-1.01245288822
9.27127947549,-4.59360069604
7.46402921969,5.27905225612
5.80353658711,2.49164558807
-0.0920582027838,3.29546187803
6.60034784322,-3.47093277514
6.99582785428,2.29856414397
2.0000540225,0.941758672199
6.5162463106,0.919453761634
5.3318333787,-0.007906082029
2.05390481858,3.69353328886
7.41507560253,2.82056477692
6.8818538025,1.71896319364
5.8247440419,2.89241035899
7.88095474408,3.07168600334
4.90785018725,0.418551363469
2.85905220196,3.79942843662
4.64471959162,3.62036999977
3.68672624997,3.16756937354
2.98085036165,-1.98464707739
2.96950471556,0.855735252689
5.74251778072,-1.02793823908
7.81922396707,-1.37146019869
7.87030056627,-1.23183501158
2.16508049339,4.9232353383
2.75803683005,-1.42812330317
-1.7583472527,0.935102283182
1.64776591458,-2.09404240234
8.62883191438,4.82613822864
5.36018923075,1.30727257026
5.23144647289,-4.6247617054
7.28952625056,-0.236964977537
2.69181600235,-2.48630725988
-0.287721041573,7.81740166591
-5.51065333581,5.81341652581
-4.61815534462,1.78404730368
1.77418985089,0.233565944741
0.626508484645,1.46769982289
-0.0911566989142,1.59593909003
-3.18052375414,9.43662364864
-0.897166177312,11.340719433
0.162518637428,7.92807856837
1.51630426545,12.0633630577
8.00468285159,3.51475624861
-0.278345038792,7.65303221005
-2.10215227695,2.51102949308
4.43438365969,4.88348263691
0.310558677945,4.93991068859
-1.26811802059,6.06648594979
-1.2593381911,-0.421180999051
-2.55091966328,-0.117646499679
-0.268202120958,8.12814211153
5.68112991769,7.35564399078
-2.08107001363,7.55238595017
2.68889674864,8.72951263271
3.46416326058,2.9690849673
-1.12850678951,7.79848036234
0.315731467522,4.08418230772
1.24388078767,7.93946272842
-2.90563753093,5.07303288456
-1.80533284012,9.52347483146
-0.734234740522,-5.05599285072
5.85496402731,1.36678546678
2.40649112374,7.20343016062
-1.39718881321,8.71174912518
0.415756896262,3.67839792276
4.47882705165,5.26298571434
2.68791192085,5.04866131056
3.69903913608,3.61499551174
0.884836533634,6.37016038627
-0.863640547885,6.55755959707
0.712704211703,2.17401262712
-2.13577108413,0.390664099525
-1.56925057643,6.7902413642
3.83572460871,3.24014509451
0.397867180933,9.20602421638
2.30391367035,6.52152501699
1.40186169596,10.5099179218
-3.27901007251,5.58983161528
-0.963989201125,7.77367516564
2.0958589348,7.93700800791
3.65941628463,7.45110329434
0.344432376327,7.36440961046
1.89388333057,10.8056503206
7.65807745951,7.16199441634
-2.52533060032,8.01033126961
-3.06070211368,2.72146422271
0.763186702713,0.163286870143
0.512425375665,7.54147957122
6.00247829841,3.70401627314
3.57747550952,8.07371039247
-0.717904277731,5.44439235375
3.69936648495,0.56958849544
4.35045543585,3.61101622014
-0.86920928805,6.64902535378
0.253529831981,2.18905782107
-0.540916216561,4.42698575665
3.77248456442,5.9287430878
0.0968457034467,5.08319936941
1.23769452547,5.425044418
-0.991157544473,8.59914004583
4.95965236097,3.11073987314
1.79720068332,7.50079799251
7.60349701564,4.70735849726
5.73618412536,4.81330495199
1.99970276175,8.63464068654
-1.40698365761,6.27956046175
8.89718898788,1.86372610418
1.55074617667,4.4006519029
4.04263317295,3.94372758576
4.65139921857,13.9032284305
1.71348257991,5.17590054383
3.83063856788,12.5415842342
5.08140870622,5.73307573344
1.17797586751,3.43722497938
1.88458695886,10.5912388819
0.889254810399,4.98907933601
1.54123372599,7.24143725869
1.93086560776,0.806453648291
-3.74768187051,3.88118642843
3.00907580075,5.49816004235
-1.24184904633,9.19655390802
-0.937065789785,12.3901096985
-3.00835972311,2.7361497919
9.0392337974,5.37985112056
2.28347270425,4.96196424762
0.500679684281,8.75041042514
4.441318926,6.03450232733
0.676442098392,-0.660682028192
-2.57488831692,6.35686288766
3.88805710448,5.65892961609
-1.8603337434,-2.72034742651
-1.46546166297,3.10553457854
0.999980397231,9.59828778786
-1.89534857796,6.53842920891
-3.69092834122,11.5814664549
-0.528499517813,6.86887287522
3.95855970784,6.98290181074
-1.16700027831,1.8083971354
-3.0808945944,-0.0823817861587
2.05747231809,3.28069416745
1.6828171989,-0.0128720356635
4.0835548786,8.5756749292
-0.342083839135,11.092163405
-1.88616046671,3.18395540673
5.27464851994,0.482736721918
1.95167758591,4.46396553891
-3.69206913666,4.67287910579
1.36823435341,7.12404240054
-1.66868055158,5.28936356052
-5.3161337454,-0.0200194454744
0.917102541142,6.5015010386
-9.3428950701,12.5753206493
-3.52582379951,6.47441498009
-6.15940142094,10.1511058862
-1.89305709196,9.08557763934
1.48619687446,11.551937681
4.76217038035,4.0584117291
1.43763763944,12.0318282594
0.0944577027621,2.52533593821
-1.45201932261,12.288880807
-6.30485316639,-0.427104241596
0.824553512849,3.20376677705
0.726427273819,5.705269816
3.01022270032,9.60270829168
-1.61479632459,8.15298443293
3.94568430291,10.9745972705
1.95059747939,7.50959519326
-4.22854114686,-1.49981956248
4.777071913,5.23057823697
3.02389153861,7.58227636124
5.97660221572,3.16772142242
2.09260829205,5.90817610963
-1.30660646893,10.2913868232
5.29476438057,5.98565025234
6.78523008553,5.02667388632
3.95817122308,10.1433904296
1.43575462305,7.22825650729
-1.72759116652,10.1437402055
-1.61931877144,7.61913717808
4.69763143423,7.11019659545
0.936548137734,8.75747505018
-0.827033033713,6.85654362058
-3.33391038795,5.93971289907
-6.37926449717,11.8938916156
3.6189570121,8.99748638874
4.02687106208,9.40816659545
2.77291447151,7.24873131943
-8.32673239999,10.8555299126
0.559474539816,6.28729284065
-2.78167065087,4.23426503295
-3.83379054164,10.4393341003
1.72262815314,9.18351909267
5.12986230573,4.77915837137
-1.38346942534,5.06426370988
2.52816909964,5.80713236575
1.15802114755,4.38278421763
1.82966110168,1.29051109719
3.49043448383,8.29126085635
0.863843425482,3.95242116222
0.450421062209,11.0859179462
-0.184807525982,8.74908113631
-0.346586233784,3.38551795039
2.03955643384,3.93206698756
-0.672191717753,3.20108231171
3.20759527444,5.30684034123
-5.4240394047,0.131761417956
-0.552689809938,5.37785469199
1.04959449643,2.68984593759
3.23097167055,8.96351291455
2.96687785497,7.01070379452
9.37436130173,7.32288055398
0.572349428508,9.0136958325
0.156166009,7.26934911157
1.38522462336,6.47908551075
-2.77920925401,6.91931460892
-0.616293720408,4.26545791863
2.47538611042,6.54730780279
-2.04317244695,3.38923410443
-5.58326588617,7.52909002512
3.28920038622,7.89932646103
5.95109937401,1.1059348096
1.48599983607,9.43326661301
2.48014301765,6.38353535363
3.35576264539,4.4762690533
4.5115182663,7.75263931585
0.388631251632,9.07829505493
0.916612785675,7.1089936135
0.69075153985,6.91090090254
1.78358857181,7.07754513356
1.08471007168,15.9556390718
-2.11907347938,-1.33964602593
0.44620475616,8.86875182692
3.99373838601,2.39789767665
5.99554801584,7.78782164567
-2.82671533949,4.2090137403
7.70587040578,4.33682806081
0.252950379013,4.73513988532
-0.110366989704,0.752001024267
-3.68012736947,5.39783652925
7.76472813377,10.2804423807
2.28479745145,3.62135649862
1.57057574238,1.50841998881
3.73891057704,3.24866955687
4.11566801911,6.55970150071
1.17111016337,2.48569451814
-3.40438443777,9.56937478215
2.41055352156,7.98652153557
1.36976093848,8.98069746969
-4.37618558003,6.16972376515
0.522189735727,4.98127080008
-1.49921633479,6.21771724537
-4.12781233124,8.51277244672
2.50161961284,7.82208342023
0.361833360128,5.22703977145
2.32479513539,2.26214652685
1.8373169602,4.20910050065
5.13740863871,4.40976821851
-0.346162265931,9.38558502179
2.44182408498,6.48403284728
-0.544357351386,15.7181559591
1.33091418945,8.13671382402
-2.10947442759,9.69352683722
-2.99754790263,2.42493908284
-0.38824937789,7.84707719543
0.438965475291,6.18715559741
-3.26875453439,4.13672445321
-0.140307022049,6.24208803533
-1.99236554938,8.22265772324
0.274862399953,2.63476497084
-0.415051200362,3.43117172237
2.01202463096,1.85347527262
-0.764727766853,8.68058473194
-0.337256350409,12.2524925462
-0.102377324621,5.27845463877
-2.96178661012,10.0848313219
5.80030536255,5.17381148324
3.47613649577,6.48269195198
-2.94700804714,-0.726002518266
-3.02836295239,1.60667454292
-7.99377125967,2.49845163688
3.7484862543,8.39433371088
-0.59546902117,11.8675548251
6.52826413496,9.4308206565
-0.612277585089,7.04022564426
-0.794318988163,3.91713894277
-0.461171727293,8.53846231084
2.70752348256,4.57294010523
-0.874646192568,11.2025261395
-0.264940869873,-2.60897712299
0.160014743997,3.89184658434
0.0940240976842,7.70507272025
-3.01789347669,3.91680140613
5.48392607482,9.50359882729
3.27879966354,6.97174105702
-0.291628879751,15.0989616912
4.53715132493,2.34159703951
-0.453202859677,7.21393274052
5.1510976493,8.31106272113
-5.60624646447,2.02669587878
-3.39866110268,2.21602870721
-0.110590582097,10.0032192233
0.88948540169,6.68804095363
2.78236272968,5.19841785544
-1.57593847658,5.70527457101
4.02553621946,6.65686154709
4.49946313948,7.46282861377
-1.99300674649,2.63938564466
1.57160651932,11.1096313457
7.13370808136,6.72554578682
5.79813658784,9.24974910153
7.66343063504,0.999556007923
2.73056683542,12.6606691763
-4.86028048103,6.16997423956
-1.82604776358,16.1983856719
2.20221501674,12.5334066023
0.696935762321,10.3984575428
-2.06563327974,5.85346420333
6.43655518403,9.10266367574
7.97083648991,4.8452482218
-2.90487587497,-0.36306734944
3.5783430722,7.51103108578
2.58646295873,5.18274724909
5.84518522931,11.3861995422
-0.663489035019,2.79103674019
-8.22699467192,5.2132450319
-2.31576901506,10.4153878517
3.70326698282,4.95386261394
-0.923703932835,7.26344413031
0.276653697708,1.71287651232
-2.19972466281,0.0818251223144
4.63964307776,6.13070769349
2.2983715429,8.69543768946
-1.25549110655,11.7788868092
1.92772307526,2.71328899011
3.074329683,0.51281497656
5.67607378336,9.80813722608
-1.68815164695,10.4976977457
4.0736756068,2.29738906624
0.766646332119,7.0394498593
1.35329155557,7.73729812277
-3.85311466238,10.7053941665
3.97969110059,5.72698099116
3.92907672014,11.1199843726
-2.8818472618,-0.728799990062
-1.12353288211,5.85369152471
-0.120523983752,11.7384117068
-0.972609939075,4.53772868091
-3.89310786078,10.3304707895
-1.25678501202,8.76423944456
4.14068013888,7.69741604478
1.67166355217,-0.587195775201
2.33869291741,0.15389405608
4.66204761332,8.80061129892
-4.96634267662,5.19688864683
-2.22405392122,4.79890949797
3.60577479725,3.50153892298
6.06962056444,6.30327434117
3.87123787297,3.42263183239
-3.72109670863,6.22805384667
6.74998541791,5.65617149353
-0.867544213288,11.5707395117
-3.31973957613,7.17235700039
5.44133373366,7.53129626787
2.1024759078,5.37865558162
0.370512612902,4.6838102915
1.17734316949,6.84582631099
1.49913660666,6.47298269381
-1.9265934106,2.20660210605
7.06790742037,8.10239792461
-3.53001396428,13.00111353
-0.625691565417,5.9233429068
-2.63571911189,8.71654852652
-1.21319379265,10.8425036234
2.32162972413,3.24522612456
5.79795296123,5.61116062269
-1.06142935303,7.19255012574
1.74183262452,6.65698013355
-0.28286995864,6.82319501792
-2.9644771491,6.90920095942
-2.43468806712,4.16413955816
4.52820567996,2.72029157601
-3.24943464354,5.43684576599
-1.75167393891,-2.25658444595
-4.44322860505,7.39129795786
6.48306975035,5.55289835872
7.14513112315,3.67507574607
1.0129684705,7.07689151327
-3.45695677666,1.46164746125
2.2190870192,5.06370241202
-1.10777572881,7.205209047
-1.0396184845,8.20659007124
-7.02296746982,8.22522998443
4.37974320027,0.777874194886
0.576947505182,5.14107564483
1.72736010656,2.07113608658
4.85270582799,9.10653666891
5.1651834862,11.1727130936
-0.278680379323,-0.199986754454
0.98725223217,8.3343029532
-4.79947554579,6.53044258245
0.944852502651,10.8944718421
4.00876184744,-0.474733853932
5.64317336064,0.577658426449
1.77892641212,3.47871258509
2.38156409603,8.37807779112
4.74107923044,7.63353678487
-2.37587464086,7.11506271402
-3.99468988698,11.7696825873
2.05702950126,1.08433112484
6.09210937805,4.4507280932
3.79156798688,-1.60847708242
-0.256138687773,2.46554475611
-1.0663138356,4.90372573633
-3.18431835185,5.54343317827
3.27811532836,7.91255201609
1.78470780061,6.0671314643
4.56770505592,3.45180431504
-0.360346293331,1.47261113791
-2.23200602421,5.92061286649
2.02716920483,7.33916327654
-0.269802772904,9.61031081588
-0.662625151052,10.1877082145
-0.943845522912,5.45035808188
2.10763415093,2.66207855154
-5.53974288472,6.76379360284
-0.824938850364,10.8318056644
3.67610041412,10.2272911839
7.20713363674,9.44953528816
-2.17833945136,8.87305505872
3.05606661419,1.3442910897
5.9066416158,3.70583490642
-1.04868123193,2.86666450613
19.1568690934,14.4482903337
11.8145082242,8.33984561986
15.3034932176,12.3942008312
11.9044164923,10.4267224167
9.07286725156,9.57390799969
9.23715539957,12.6352033282
19.5747317304,8.30959214514
13.3942796653,16.4283350157
14.4448905337,14.827758105
11.0111968103,13.5139091879
6.94878240475,12.1188653461
16.1145972649,13.1042079661
10.1806016431,7.84419689197
4.15290781619,15.4034386246
10.928782876,12.4845733113
11.1224218191,15.5687084312
5.86011231789,6.76980339075
17.2900520015,7.22582301538
6.91115989009,9.52846859419
10.4641362953,21.4932437976
9.94160186658,-0.642485889169
11.2577221094,10.6715266211
5.28846036691,20.6579264805
8.64012840039,10.7528114714
8.71525393848,9.52899650258
8.90017209666,10.9311120536
7.11068086555,16.3421236234
10.0773362076,12.9724305654
17.019121316,11.9610561964
13.3029844721,13.6455799787
8.87113403122,10.1322330424
8.4893027971,8.44637855108
10.3946911508,6.61370758875
13.5985979836,10.6925850766
13.0774540671,9.16413750346
13.8446318754,9.64533829005
4.65403563372,11.4414759781
8.70125707477,13.0915634036
9.17057265478,8.03413894096
7.29483171166,8.09644692979
11.0889527997,7.96324566631
14.3090371803,7.40317949239
11.0739377138,11.9227371775
11.5076089002,4.32117625428
13.3515717927,7.87534202075
12.2649870609,9.25938959361
8.46108219407,8.21229552001
8.66882413349,9.8411663081
12.2545906358,19.3768930144
12.54210932,12.9983302257
10.0616878629,11.8051511353
13.0384766461,14.9147204286
10.3547360456,15.8923033614
10.4958608555,10.9009458642
17.8364425626,11.6638773426
9.17573671369,13.5548089035
5.99496590962,7.67502484226
11.1521021572,11.1478356183
11.7649359448,7.57419444511
3.96843008439,6.89865058114
13.7518106478,12.55715877
7.16960790825,13.3356957462
12.1602591843,11.4441493698
9.07572884429,9.79879068696
12.8141658741,9.65714452692
12.1911445585,13.5414415523
12.6723379305,9.43511748016
14.9336070016,6.48254302846
11.7266924276,14.2885395819
13.7927395049,10.8275747173
11.401574246,14.1072061075
10.4981483271,15.1744123568
6.99057181905,15.0616135357
4.09117844928,21.5708337864
11.0608367384,5.40322550675
12.2781828516,7.58502397641
7.5936837691,13.9678855068
8.03713614808,15.6983386695
14.048627717,11.0575365817
9.60166642703,6.76867316017
8.19522060726,9.12369080646
11.6981112293,17.0982475948
12.7972549804,10.7134350556
9.40427743983,10.7177361993
7.63818542757,7.11864511632
12.6558372769,5.75544338475
12.3353964037,8.45646373021
12.5112531991,8.24386558967
9.5242009305,4.24298216424
15.2510314152,13.1936968946
12.4777601267,4.42204575384
13.1568978149,7.84349246482
5.28398911697,13.0543680512
11.9302774606,8.71609615741
12.3329010037,13.2738461626
8.24495335719,5.35789024739
18.2322193871,9.25261096407
13.0826162953,12.6479670602
7.17464269705,1.205174084
8.40715645163,4.22920875195
13.2663346161,13.4102265488
10.2981151333,5.91238528093
10.178919841,12.6837250455
7.49105982824,18.254459724
13.9061420614,3.09162616372
1.60753272972,2.65078936061
10.4221775919,9.48426407107
9.02042105255,19.2672103741
8.59055742249,9.10493789268
10.4291229419,13.0960946867
3.29026452443,14.119527495
11.8122479888,16.2649900155
16.2224328425,7.38874586826
10.5634439522,8.70005003811
12.3640187243,18.1786431438
9.26418920316,11.7876403808
9.16781276247,14.5366032118
9.49385331708,9.18274412509
7.52958927086,7.30334646644
7.29348706679,13.6885526506
6.67027959332,10.4460294405
9.73955384638,8.37854340333
6.05156017129,9.07799559404
13.3177966106,9.74777436825
12.3462579865,8.56236366244
9.42324951535,8.62150388478
1.75019259268,11.3702357328
17.8997361333,8.58871054031
5.86193169631,9.54849291064
8.35968593849,12.5854829993
9.17409573117,14.4022499109
6.56326695049,12.3530727319
11.5440153256,9.82023721974
13.2103794269,13.0812896975
14.8755245203,16.2464896264
4.04455842378,12.7657491342
12.1771045351,13.4936009791
14.7525187896,12.3627608554
14.5669609082,11.5151805151
12.7181960339,4.39060458961
15.3321846711,13.8526729124
6.30371206184,9.01856685252
14.8832714857,7.71153531126
8.87493537553,15.0451939094
9.748179433,0.467989913979
11.2029999033,9.90027413038
14.5058178522,9.49626499708
8.72211033357,9.87716710978
5.92446975549,8.85483935725
16.1893331736,15.4691571904
10.4542039717,4.25679839415
12.219796721,8.41065533982
11.2909461392,12.6316137752
5.82368136517,11.0354589778
4.10883560628,8.74484384514
10.7892552189,8.68228252124
4.69226587267,10.2620691569
12.0732150977,15.4789723589
7.70115416369,7.61417783313
10.3530394362,7.63150688616
9.48904529176,4.82236620328
12.3641861271,15.3475368516
10.1702615787,14.5660244324
0.103959887458,6.15027009624
12.546511596,15.6778050641
9.87115532736,18.7958985092
13.308857541,12.9246696387
11.9526416467,12.7647115464
9.18228237425,11.1082206983
7.79818308631,9.54870676538
6.70383123851,8.64047944538
12.305725918,13.3608028293
8.39004350373,9.39534889813
7.67288276222,10.1793749539
17.4111702841,9.74918206561
16.3296988842,15.1377706472
13.061109548,18.1052510611
10.0545017408,5.78114557273
12.2630694045,13.4235613989
17.1014776991,13.9644650282
13.4932369261,3.1294852816
14.3317249362,9.44630644644
11.9091915936,12.2962707998
11.1976290213,12.8718368096
10.9588601316,12.7391149104
11.6207886264,12.4361101846
19.936572927,10.918947746
15.4603976705,7.05236727789
9.33523271878,7.5937866421
14.4112919807,15.2226209277
11.4387495262,16.4343676426
12.5705143525,7.43690550757
11.6932049302,12.3297950652
18.3355187716,8.66427474531
10.1973036097,4.55591833793
10.1726322864,11.6069850732
12.7760749874,10.3778020359
10.1497831951,13.0924146396
13.1076115422,7.54064921592
16.1460270038,6.91091816108
7.93586951854,9.40509896804
17.9573886988,8.16634359699
17.5330726749,9.10199393532
9.53790749152,7.4828664179
10.6947993638,8.36126836794
8.76754354249,13.5966024466
6.83416167714,11.1074038174
8.98410849534,14.1656772329
11.2819465509,12.4600045985
12.4996188496,6.56524756531
4.67945207189,9.2583310185
10.8997884288,13.3631026047
12.6868544005,14.4012187233
2.47177660833,12.1456515763
17.7109615281,5.69432185928
8.09400024463,6.60430910328
10.9146400959,8.13290348542
7.42830571567,18.5862013519
9.15448455129,14.1791415243
12.4710357956,8.74625509607
6.17041534349,6.1443653095
12.5899425665,13.5666526945
9.82122864548,12.0715134006
7.37913639298,18.4251936346
18.3048150031,15.7302182621
12.8905387392,11.0021854608
11.3969024778,6.43316869126
11.2090408066,11.2270427879
11.1536045686,8.00116157436
11.1027964026,9.90197697336
14.948875044,5.78079186966
7.65731056949,15.8014554034
11.718597478,10.7087652591
11.6000372381,7.2148060753
13.0680439028,7.72044678755
9.87668175721,10.3725776997
14.9335744179,11.307620125
11.1428544248,12.0034935094
10.1722190118,10.7768817794
12.4061970369,14.2107761792
9.54093124546,8.85872847145
13.6946793915,6.1822332731
13.715635569,6.39676942726
13.4136550483,9.48046698977
14.9982373128,8.21165556306
15.556307853,10.8018394829
9.63079425642,8.57724110226
8.66965629358,13.3474532839
11.2080832888,16.2877064835
13.3392101576,15.6932742779
13.0573469494,12.7760888195
10.9325908369,16.1775512703
12.1897470193,17.1795736895
11.3933623583,13.8692328565
7.90522307004,9.97664533601
12.7070228754,13.536236404
12.1195103684,8.6393713483
9.96658854529,11.2367159757
12.890081525,15.3577605905
11.3834810025,4.85188595778
11.5400811623,14.4095161798
15.7915344251,6.52795794458
6.86254287587,7.85840311416
8.21081754444,8.59344332991
13.3489964503,10.906812897
7.6386925687,9.21157615736
11.8638305698,12.9338260541
14.587490346,9.87586477237
8.43548233914,8.10422979453
8.8715218761,13.0654443412
6.57046097948,10.3778005157
1.47149030894,10.0676512539
13.7403019434,11.5912241805
7.5564253622,9.25476118423
7.67250583544,8.71670213641
11.9022113605,15.5852915178
10.0878655577,14.3024727209
7.67161502419,11.9288824018
11.61037011,13.3647794709
10.0986859192,12.413399322
14.8043792087,12.6540450494
12.3224625402,6.58600808248
4.91851480597,5.83125236117
12.0338269116,5.09153483401
14.7220585041,12.9582513829
16.3876991844,10.3177306029
15.2695426477,13.8607418577
11.9987452387,0.253318024277
10.2199943869,9.5292403563
8.31569697858,8.3216480299
7.57208714998,2.01057190781
10.9153765447,6.83095840805
15.096198675,9.02332895422
7.53241202256,4.98687435165
5.52945956225,16.1508904912
12.1519175199,10.0404036785
13.5763137851,11.3590634776
11.4513557688,9.44989602357
14.2354808661,7.6635320741
11.1548252989,8.83829254348
9.99246675417,13.2714218301
11.7697744121,10.2698509549
13.231063448,11.1627280949
16.5045431131,13.618903243
12.0427049804,6.70250090556
12.4414135251,8.36593169513
4.30814347152,8.18662013943
12.2395066362,7.0217834178
9.49961837778,11.8809848618
8.94635613718,15.9079645204
9.00053400361,15.0461126331
15.4623717432,8.71852543731
11.9788661473,13.1327386683
11.6477506887,9.175118604
9.52653601278,18.3850594264
7.36658386691,5.14836848073
6.58343307169,12.2970014852
9.51516010681,10.3678481163
5.47720941403,4.92701437424
8.44034500813,12.530459925
11.6572671316,8.46592117919
13.4451675302,16.9281233783
18.2642201125,10.1905732208
6.66296169978,8.32521998464
13.4326989643,7.01841315028
9.00554149556,2.01226382498
12.240411738,16.0944265986
12.9858782667,10.0292086407
8.62742594247,8.4599120708
3.27188963187,8.7248675999
11.1773396519,13.5999916848
9.37913564135,13.6510450032
16.6566309656,12.494853795
10.2726513131,4.66361651617
9.2306507284,11.6002356732
8.88090855975,6.15177649365
10.277531671,8.03204985815
13.5290330142,17.656426974
11.683273794,11.8236393172
10.0531201275,9.42117664709
4.02306727036,11.657157453
7.79962958608,15.8784929905
13.5047267451,13.1939757293
10.3049451744,5.79468361614
9.96552582653,13.0315520853
9.53177505042,10.5279211231
14.2075953068,10.0753996431
9.31126985586,6.12775408339
11.4240731735,13.0337789632
14.4597462204,13.6874873352
10.336711573,13.4169661798
11.1824148311,10.9684730719
7.24329953029,8.46741771667
10.0203438869,10.5336617222
11.3953774619,12.0373734692
11.0143784096,11.4652647239
14.7056540089,22.1638802279
13.9505898383,14.013374566
11.4621584054,15.9331795367
12.9923205394,14.4575562883
19.1111855754,10.27522667
12.9399903576,13.1428121819
11.1661951137,7.32274220235
15.0544427463,14.3410781702
5.94687156352,11.2268295148
12.6248792746,9.4983957771
9.37716425015,5.97334086029
6.02802810576,8.64911375351
8.76017982047,8.41570760014
9.88832723401,11.0135710542
13.4008267398,8.23721916253
8.26126854883,10.19308979
13.750347895,12.3542457386
7.56491351929,7.43582199759
9.25819396031,13.9292328173
14.9724980051,12.2270224729
14.0194038805,10.6553311421
12.2791179016,11.0637123334
5.46797069128,9.35250677297
14.3316154527,12.319685635
9.65123514657,12.9832826901
16.6355664286,2.94419026767
7.74603744873,8.8542992301
16.4280933043,12.0644956942
8.09190739804,4.53942512911
9.95994790281,9.69717177643
16.1576720251,13.4504832794
12.5617498648,14.1989396732
5.90709100396,10.0043432062
7.82694666084,12.289509261
13.0745729129,17.309110576
10.5942218284,8.50657739819
12.5031816185,8.6699381515
14.5584076188,13.8432001947
13.2499483712,13.5811269606
12.5086608338,14.0439264631
16.4600275473,12.9612938369
13.5426952131,13.3284376745
13.1873013289,11.425073113
10.1416994786,11.6644806123
