-0.680401754329,5.23184424676
2.49433808864,3.63291604723
0.889875135595,4.89284944267
2.47657449603,5.14702866481
2.1195859617,7.45292059085
0.946090706375,7.3710809805
-0.117435099105,7.76716371396
-2.13573208803,7.33453778624
0.603680885336,6.21023844483
2.27434083764,5.81213180503
0.96991444907,7.62407610579
1.9645414876,6.32967869697
-1.40922541323,5.38458553343
-3.16476774468,5.54118673771
0.509982423554,5.89892919055
2.94668919297,3.04395407164
-0.105046963097,6.65903836481
0.373068572646,5.68671483352
3.82086737572,4.44072957753
6.51454857336,4.87450295449
0.825878596109,3.49327418012
3.83631496351,7.54564518193
2.18663450329,7.30619353057
1.75374217604,5.59669832355
6.54609368774,7.04248885884
2.48784637539,5.62807878316
1.41586267308,4.02247339291
4.37819491542,8.29323032338
2.45189966899,3.6101458092
1.78280834244,7.53189883612
4.79564456724,6.41027212217
7.92191463077,5.59302476922
-1.01859151478,5.82588522846
-1.22179697086,9.47029238425
5.90953505877,6.34725329321
0.961235887107,3.75041479721
0.185409935565,4.96863194201
1.45245699927,2.68790230677
-1.44576075298,8.40027144314
-2.02730811778,6.46043256361
3.05096177262,5.14090841977
1.0791331388,4.97090740402
5.23405481527,10.3125493003
1.43989504979,7.6298113993
0.32930661024,4.98162664059
-1.19108189945,5.71319981993
1.05151064871,10.753420389
-1.26847986492,3.68851487245
5.41515426269,6.10772146624
5.63689775598,7.10500389511
1.64322956248,8.63266305874
-2.44974297958,5.78662319078
0.913557610165,6.10967385613
-0.0178826524112,6.9623267741
1.54668566473,5.3405946439
1.00297923995,13.4535666975
3.45346019441,4.70681366792
1.55693607081,6.83172772195
-0.44751821645,6.34082225781
-2.5867020026,4.33421366611
1.69350488053,9.58368068365
4.66933401115,2.62259799502
-2.29297594152,4.23940909024
-0.209727075738,3.44265099159
0.892785061887,7.98753856876
2.41837388534,6.48611570443
3.26842303117,6.14063968354
-0.035914755872,6.67243463727
2.40626222144,7.02012358819
-1.65479397314,7.32221481549
0.665932297223,5.15011205755
0.212964779855,8.16352373707
0.510142946108,6.97831049194
0.24917299777,9.47171759304
0.854933115049,7.2183744575
1.54247675099,3.74200527027
-0.446313700659,1.13573664814
0.166919149519,6.76862079028
-0.235893678268,4.77925524947
3.23292453593,7.69010004277
-2.48958796014,3.52123831938
-1.46324068761,6.25365088973
-1.44959007354,5.71515017399
-1.24339790759,5.45723241085
0.576552584891,7.23790166344
-1.74014582877,11.8502370249
-1.0229093707,7.50045663828
2.11299881746,5.69770523846
0.576257076986,4.86875675876
-2.28398997833,6.38903075836
2.79907238767,9.11525828185
-1.16629610699,6.11133793252
0.299211387128,6.74811761621
-0.706461087507,3.79248109661
0.279105925159,5.43617240965
0.202308824898,5.48507013329
4.00310359254,4.90955488598
2.97255593249,4.16443877878
0.834608446271,6.36199482693
2.91934097881,5.35496910994
-1.87938889387,5.51970467941
-0.632548038004,4.92059127704
3.43869121677,6.76779370432
0.060052235822,4.70337796283
-0.974317091498,9.0922982362
4.97726581281,3.66479585093
3.38542119442,5.28597129549
-1.47270437869,5.03577458701
2.26222923422,7.38488287614
4.99669227709,10.0658999798
1.28475393983,7.4356114919
-0.0612782231585,7.47833863453
-1.7776876385,9.88352795549
5.25179876325,8.81094662976
0.892207103547,5.90397901371
2.13441200122,5.4845640652
0.178169654041,6.47667839405
3.68823678031,6.65299508807
-0.711606467393,4.81427055098
2.67902701326,4.38939130076
0.93016668561,11.3187467423
-0.0663866367658,4.20457398535
0.779549876809,6.43669059307
3.27549150033,6.57633161585
-0.0779165880208,5.06675329394
-0.088427939533,3.54442580383
0.772257734094,1.33632630397
-0.338917222367,6.31651018931
2.70088602439,6.68052257893
0.512745919499,9.57292116894
3.1586374087,6.89080034296
-0.257627763126,8.62977788084
2.61355518247,5.54803552382
2.14672470992,6.4033789565
-1.29636822294,6.44667260829
2.17134033768,6.50182794378
2.9462041742,6.0664710127
3.57368889411,9.76190770891
3.08352713503,4.90589349754
2.331454637,7.91744988749
-0.492074634026,7.62798334804
0.494734397716,3.20416053508
2.27277747109,8.28035485703
-2.16360820996,7.9423466443
-1.41026564569,5.71997010016
1.30357970631,5.8373381585
1.50658503096,6.10323230531
-1.71833263136,7.04692273537
0.265563880826,6.69172897212
4.8762500297,5.02832815929
1.64981237364,6.24990602008
2.74744826925,6.80408247354
-3.4368214857,5.70506007648
0.999358022746,6.63823083514
0.620262542003,5.67068071696
-1.88821726929,4.53157366464
-1.12432885603,6.64956737116
2.28499633391,6.6809850799
-1.60980218933,6.78018911655
4.65620586677,7.21931635847
3.44805286511,1.91632658838
1.37702531392,10.7505904733
1.48689697506,1.81202534633
4.21109675264,6.3679500467
-2.2452910075,8.34691794263
0.176605819939,5.90184166179
1.6535865648,6.71329043249
-1.89329672918,8.87746728326
0.650130862736,6.81393338486
-0.136678845304,1.95607253384
0.615089980647,7.62023928829
1.25148199955,4.36424578304
0.922674151076,3.45517492218
3.12802443041,0.74270832979
5.20877086995,3.31054115144
-1.81123760533,5.09804604276
2.05526325365,9.04373074204
-0.279931773805,4.79950123412
2.61436244855,8.06384450367
-1.15478843662,5.36602794494
-0.899349068326,6.6089669216
1.28276132873,5.63370470913
-0.176653428356,2.88303100107
0.699340175558,4.1390272851
-0.574274115618,5.9536681653
0.526255844017,7.32733352443
-0.142651666747,8.45402609703
2.07431500622,8.20642005408
1.12850600614,4.87133591262
4.11358975109,4.86520775895
0.0894276405844,4.38620205374
0.928906923731,4.56856809938
-0.74368101869,4.21280191357
3.17656342706,6.4348527507
3.47841310689,6.07499557392
2.23522018789,5.7438236295
-1.021768168,7.01361603113
-1.27398527938,5.79217820879
2.50491330554,4.96270347606
-3.8167430508,9.26955069891
2.61485889072,5.53535838841
-0.0146034495059,3.54593538416
1.07276901752,7.16419545313
2.00365386999,3.55199225523
-0.899669761923,6.77888656521
1.48931179185,5.50103843449
1.8142991544,5.33297459158
4.06142672358,6.05283393431
-0.881775477477,7.12998526959
-2.0780169276,5.36584190219
-1.36547890603,4.69708391536
-1.65981412262,8.26822620533
3.12302376916,3.42224644844
1.48345457628,10.7922753111
1.69898083219,10.620502566
1.12588093109,10.3522164895
1.00071936936,8.76724792431
-0.28082377057,4.14053862259
3.1820100307,6.76693717328
2.49331256423,5.73257755978
-1.05125417541,7.6019068095
1.49031394606,3.61872330047
0.0282061711157,4.75333472808
2.89850924836,1.37185042381
-0.34029536126,3.46100698896
0.707681164035,6.74239803103
2.97153422378,1.76459418304
2.23837568419,5.87657214396
3.48574270057,7.11380503262
5.95331127078,8.3925877612
1.81868956352,3.53625232641
2.50534943101,2.2386513787
0.587672581015,6.92782224514
1.80316232895,6.43395014693
1.6109488357,6.38968389342
-0.237655076639,8.33839402514
-1.14489469236,9.5047984698
-2.29699616262,6.80410290315
5.06688659684,7.95246039059
4.97368095961,6.1343857796
1.65089784214,8.17540545281
0.744561640273,6.48164029923
-0.910077788839,9.08529921722
-0.802938551211,1.91942680665
0.74741686797,6.62508475829
2.03230180219,4.14949315016
0.513023235016,7.20016935178
0.217801216381,5.78035131811
1.93765383381,5.36078540941
3.73035383009,7.12501830137
4.39940533204,4.41499351279
2.58701806461,6.36460325839
1.12392557839,6.02267094688
5.04500660876,7.48781147342
-1.5463813171,4.43999366873
0.72155289984,5.65183921062
-0.536271666019,8.69078828634
1.22229930707,7.33710192751
-1.11279791134,4.47631169579
-1.80258681292,5.9193333539
0.35750963891,7.48603758086
-2.12811387314,4.7544086011
3.75501752929,6.952527946
3.42052830352,6.51419261418
1.79332117955,5.46372298029
-1.50844482306,5.97876187129
-0.781300048855,0.556385352029
3.20645773218,4.56805268024
0.371876040107,3.20699909573
1.40531915229,8.06744732713
2.70631895427,2.69476531825
2.27566642566,6.29064308886
3.87383226132,5.62043604762
0.522059982946,6.46690549017
1.85708531751,7.09830244586
2.69063618296,3.69311089234
-0.412546910715,5.48628531543
0.347361033814,4.28017826903
-0.482652563651,4.93430181392
-1.33292777427,5.5938195526
6.37039998088,8.16608881065
0.45512634735,5.70166726624
-2.5266256325,4.62292923382
-1.28188992139,6.36773845192
1.1872672379,5.56853590654
2.60595046386,9.19677937147
-0.466474357679,7.19828812546
1.13516681618,9.41127198288
1.29984569676,5.32722757662
-0.957716358004,4.69211181017
2.08584984671,10.3568474754
2.26500307121,6.32335896174
0.890583562751,5.84249273071
4.04241686826,4.95172004319
2.76613678431,6.90413570537
0.603472059041,8.5519161382
-1.48752256141,6.19713290969
2.37264889625,6.21012099875
2.00786796462,7.48450309315
0.280256864313,6.11303437467
1.74146451524,7.3674125466
3.99907722415,3.08944557366
1.11802306033,5.46279185641
0.40221761131,4.35794220269
3.65634904104,5.63877201266
3.7608358323,3.61393271008
1.19513279485,6.33627240931
-2.7293744943,3.33488612527
-0.633973296166,5.9631908564
1.11829206006,6.66952877597
3.601485187,6.77374736124
-1.46669426323,6.2356354362
2.04767057151,8.33200831135
0.789934667421,4.97042418745
-1.41697500897,6.836413092
4.31688651582,2.25597337933
5.20271098104,4.46679568075
-0.704061283938,6.52453126895
-1.16992011609,3.97241999556
5.24572285518,6.25605362282
1.77557582698,9.34678967685
2.04846688772,4.90209840914
3.38916704777,6.90612240488
4.31484046797,6.65382038098
2.05582064637,5.9043164677
-3.58269819481,8.23523336052
0.413862566579,6.05680096519
1.00697317887,0.899711224297
1.30676926838,8.35133484532
0.694320371537,8.20217517583
0.221705974425,7.00074309579
3.63398266124,6.43866207615
1.15743200205,4.6440464749
3.05177298257,6.23462141306
0.532151620651,5.91902063311
1.55669572228,6.90158742757
-2.3478705131,3.43531363687
3.45687816422,-0.72445065345
2.61056422529,5.24315806743
1.87663637616,6.19857592906
-0.753180258747,4.62962258988
1.37894936326,7.39336613348
-2.00692568667,2.9424179096
-1.51798852284,6.08777968139
0.218270981064,6.24582595024
-0.0747936099673,5.39841143573
2.49228052646,8.72873084033
1.64615725796,5.88529811849
-2.24790583545,7.10299212605
0.67414808295,11.4434649033
2.12778918644,4.38064378672
1.69041460013,6.54440424868
1.04518856878,4.30973468286
2.09564430363,7.39898907931
1.48205515364,5.71419770892
-1.04861056094,7.71094274943
1.31062774987,5.40418366317
0.759443855598,4.88942298429
-0.0838823637519,2.32230290795
-1.07682161956,3.94456366708
-0.193932232521,8.02348760827
0.82093568581,9.18718050508
3.22076954672,5.95444467064
-2.02122581716,8.18511581297
1.1672107356,5.65701993726
1.08213572304,3.86940470295
1.48763373313,6.29764246432
2.52914801206,4.24578109851
-0.0769586584971,6.94610514907
-1.57620801006,4.12270199153
-0.0383681003647,6.36236144392
0.21696268765,9.12614527494
3.38328152078,5.18901377919
0.101035334837,3.27585630241
2.45111411371,4.50023393481
-3.9161466948,7.72194846883
1.0570808654,3.04662403854
0.935776868813,7.88054407456
-0.0248078745229,9.0377227753
1.41976744691,6.61304014496
1.98334736212,6.90073970355
2.97419247877,6.24115477269
0.343721385549,4.70484642768
3.48445590946,8.94559021132
3.65917416399,3.18586273986
2.21722488819,4.78886243774
-0.717923814628,5.66564520414
0.0840947821286,7.71396060044
-1.56973117121,5.75327861414
3.8690132432,6.28742304827
2.13079613583,8.7454363828
2.80347072093,4.18963402929
2.63810458654,7.93560806258
1.730554045,6.56829038226
3.00596194469,6.88497397864
4.9506367337,10.186294338
3.80288183347,9.21528769229
2.23392527105,3.26186823964
-0.0243572957243,11.1111147092
-0.560538670117,5.16163080569
-0.334174274617,3.66617567485
-0.789957502228,3.95413235969
-0.209018999935,4.67093780359
-0.303797203377,9.65296718058
2.60878506303,6.71993573946
2.6558652167,1.41076185628
0.484230003159,6.4045830888
5.94825263522,4.88158289532
-1.69009352112,4.79197201708
2.47557554791,5.76377672532
-0.373437360491,7.88836774155
1.93494267972,4.04925102364
-0.932713997358,4.27891695638
-0.86440361914,5.43356713617
0.166573757239,3.71373576793
2.90021265409,6.069675495
0.511503074966,4.16201179174
0.160544758292,9.39298687776
-0.749529978839,9.94849371074
-2.51608120146,1.62680897665
-1.87381962025,6.68223287331
-1.77985423327,5.58936589096
5.119039279,10.0815165887
1.73465884243,10.0944779289
-0.111761603003,8.87568372373
0.891911535388,7.08239796641
-3.17656950816,5.36232269825
3.85949086108,6.07644171436
-0.506747617189,2.65207576539
0.321031439664,3.73914655167
2.15009046794,6.91703740881
3.16212885136,7.35359652751
3.07891764188,5.10783216895
2.10053567304,2.47766444645
-0.344355022456,4.6118531462
-0.373188115688,6.3578156528
-3.50677585316,6.49157352557
8.71355592612,4.25501186191
-0.0293176428414,9.61265712481
-0.255846716923,5.5514632211
1.6935851686,4.52117339745
1.06786765284,8.83289744346
-0.971189039535,9.59072157719
1.03029028105,2.27045941788
-0.801867078236,4.21763453755
0.697222031056,6.07496068201
1.49250037567,5.20083014603
-2.29554253653,4.78340890929
4.11637888927,4.77403416637
-1.07643433195,7.84290570648
-0.167195131419,6.93023170098
3.69565000969,6.72221963557
3.84400650107,5.12894652149
-1.79753930012,5.54458904986
2.82323591144,6.87334016699
-2.29371544605,6.93712409715
-1.07253788167,7.01212954774
3.5054849981,5.94677525662
0.419574632055,8.52660043112
-2.45682373968,2.11003546521
-2.13430707658,6.71738706705
1.3716800545,7.78745981623
-0.345025407064,5.41288487239
1.4220344502,6.76871715303
2.73928674295,6.07266211817
3.42652463948,6.88590119696
2.86396378576,7.33947504889
-0.224896664423,7.11935838505
-1.25694775461,6.98540078357
2.89569886619,5.03067010056
1.90895199553,8.25773012677
0.0822789413563,5.01204845333
0.110227780574,4.80179126581
2.40145219069,2.89462412499
-1.63241326961,3.32015610427
2.65632562775,5.35057290816
1.14084550478,7.13408315601
0.836655232461,3.66801156581
-0.410729821506,5.55309325183
1.36984614216,5.37527434241
6.40159281259,5.98043700065
2.25893468048,6.0994475316
2.37004201348,5.86603174468
2.45403605482,3.76662933881
-1.47733826776,7.01161819648
2.8172887406,6.1238547139
3.50555751759,10.3221052295
3.22724837823,4.25132664124
1.08995939522,7.06760094108
3.85353376706,11.8933991992
-2.06107364788,3.60828227073
3.69052059734,5.20483426243
-0.54541526994,3.68200582543
1.98597663649,8.26931889852
1.95782516078,8.11584955529
-0.947552809459,8.58336144957
0.398603933061,4.68787404846
2.30645824837,7.53577866541
3.12108922927,5.84543013682
1.4230725192,6.6086892241
14.143171462,3.30250656669
7.69829502559,-3.80289016664
9.38361984845,0.507960082844
11.7105131725,-1.17540738718
12.2876739141,-1.44444119177
13.5597411847,0.684349057614
11.3337325782,0.100621007179
11.7715147714,1.44942301037
10.394345142,0.378266976222
11.842478706,2.74595984334
7.74110151218,2.11751015143
10.4040239501,-1.31315584535
9.31016704729,2.37678053386
10.6159822889,1.20256126138
11.7997653077,1.04167657903
4.30907071954,0.524239712807
11.477902121,-0.19410612649
10.2820558703,2.71602006271
10.0220974348,-0.704433173509
10.9196702664,-0.845265675987
11.3454246674,1.69787691041
12.2669450233,1.5191473076
14.1071564607,1.57514654884
10.4984489527,-0.193800302741
6.11734580987,-2.12355333795
13.0088419885,0.798449338231
12.6505500531,2.14551073305
9.96496074726,1.10253030536
7.77823357076,0.525333604388
10.0296624581,0.497274875095
8.94507303151,4.34485010428
12.7795367447,1.63152413457
11.5634606051,0.903731138965
7.20691756246,-3.2520317899
11.9993979775,3.63625244205
10.3496724519,-1.00077394638
14.2294996073,-0.2188388485
13.4633368239,2.01637606907
10.1923222507,1.21557734567
15.7846240925,-0.134776307879
11.9913497193,-1.354383048
9.59440566854,-0.65533917702
11.6298775514,5.24597018054
13.2434254973,1.94530661013
9.63682370308,-0.218762239061
11.8405676703,1.4056347573
11.9842233997,1.90560140117
12.4248821477,2.76371346713
8.91921621703,1.65865346344
12.3641762746,-3.32277589376
15.537657551,-0.825625555399
9.87518333706,3.02317747777
11.6996680769,3.07006170154
10.2092921569,-0.8829045937
12.0642878927,-0.130380001402
10.7081691184,2.65127902697
10.074556531,2.12170312501
11.9001021428,1.87361297372
15.521529797,1.99835096112
9.83330107798,1.4521840041
11.5699711188,1.45126615267
9.74331734688,2.65171095375
8.44249212945,-1.37487137514
9.30862909981,2.60394958182
11.5262228847,1.95413804322
11.0525276342,1.3993912954
12.8065480526,-1.1057386432
13.7725897046,-2.01913467481
10.6276612377,2.57431656304
10.8882589255,-0.455841241975
9.01454486277,0.819529230905
11.8829504469,1.44940718412
10.1063705334,0.677327053199
12.65031051,2.38928192824
10.4330103874,0.831004632209
11.69118495,0.0208683908441
13.0901373569,1.30953557469
10.9399864203,3.20378305237
9.15244671706,-0.440982697863
8.93503466402,1.88841077621
14.923121961,3.35447041332
10.6962783994,1.60252771424
7.85368466113,6.9497251255
12.1176838318,4.72240534493
12.4323883554,3.16595925956
14.0000665658,2.64552721257
9.38440369295,0.669149627494
10.3162143867,2.20473030919
12.46565831,0.327104461479
14.1631333841,3.30456145215
10.8245796989,2.28406226639
12.4427868194,1.83706510019
10.7582884721,-0.549529757022
10.6648268299,2.99724596936
13.2990491454,0.869525325121
9.75319606568,2.33350210578
12.2510018096,1.99151626732
12.1014681237,2.10917920686
9.85945113875,1.58005719835
5.93811440663,0.781587453047
11.9409903634,0.199650508564
12.9444457665,-1.10470043985
12.708108052,2.3098100441
10.9380539325,-0.482382919486
12.696829295,-0.206159536503
11.8215388364,-0.982134755559
14.6157949191,1.03309739665
11.0885433951,2.31382627951
9.26138289486,-0.0626222873158
15.6683887191,2.56017274182
14.6368740759,-3.10815286967
12.2067257539,2.21480521726
10.8401810874,1.55587439315
11.0278884578,-0.368596207895
14.1076340053,-0.765875856454
11.4789902019,3.26743738398
10.7849435102,2.62625969964
9.96022286727,3.36821785677
12.0874734672,0.361117240034
13.7440468413,4.78183840795
9.69468307311,0.0999984001038
12.6837042729,2.76825201992
12.6356489624,0.616557798121
11.9942373337,-1.55063348404
9.71038635361,2.06508559246
9.8670900755,1.51647160847
11.2534238746,2.76914464356
9.82815881557,-1.73933694898
10.8743609806,4.08512206803
10.551338731,-2.90137174032
11.1476915106,3.72371089492
10.5172738244,-0.491514870998
9.34278311712,3.17744541721
13.6971688991,2.83642189447
12.7705642482,-0.169645519094
6.69978743394,0.727518612437
11.4606823304,1.40267633047
9.61124461954,-0.0738275249404
8.61575676626,-2.7132847119
11.2567131904,-1.08312972934
11.5809647599,-0.598265982782
10.2939866968,3.82585554772
11.6310018074,0.0987269231309
9.40781845838,-1.33646799967
9.00315094016,-1.50383556542
11.6298724983,-5.11166632734
13.1262294589,0.32920211813
7.85782032736,2.50895801282
10.4984858174,2.24756648553
9.57911534164,1.4683824988
12.6411039742,2.51614649132
9.13060519452,0.189584062138
10.9622477029,0.204097018302
10.8626319017,-2.80343912485
13.9813322578,2.60442402667
13.0210975358,2.16871050491
11.4288240904,3.25496066133
11.0581738423,3.42188166017
11.8736069397,-0.241556119222
13.0703739432,-0.0885832755304
11.6922238126,-0.54238846679
11.4567980282,-1.99200132366
14.8005392401,-0.307073899772
10.6705648803,0.236845498599
13.4051449117,0.565010120232
10.2913590842,-0.873783684194
12.0451590649,1.64276130132
8.36834350502,0.345586377695
11.502730718,1.25494905344
11.5401854247,1.61233773091
11.1326506549,0.559749964865
12.570475994,-2.76422263559
12.7455149026,4.83073815093
10.4784371675,4.6437649412
9.2953911533,0.784151377355
11.7203641138,-1.91884143274
9.68620027678,-0.490351891494
14.519957406,0.504044454008
14.556809228,2.31688478688
12.3502882954,0.270543963638
9.40123308896,-1.48058408967
8.06478551317,3.38560085437
12.57994703,3.74396442984
11.5690374641,5.28140030543
8.80118851147,3.74012511574
11.6191557998,3.39989396479
9.0625837871,2.45073390312
13.322167474,4.46933574799
9.48402714689,2.38301143249
11.0778725568,0.310184625353
9.96090055932,0.584880745802
12.5515743671,0.694126297998
11.8776947719,-1.36974669494
11.9479944514,0.784514543652
11.6936044328,3.36548183358
7.40612837985,-0.13852426321
12.3237622598,-0.251900818516
11.441167983,0.5088564741
8.826522782,2.84250945037
10.3303441293,1.26032189521
14.4805948388,0.454796635401
9.65881758623,0.507506967877
10.4145104934,0.288988209507
10.3660984978,2.59811766791
12.0378487803,3.72811751146
5.06351854114,3.64873963529
9.18510106369,-1.70405249441
13.5715875365,-1.48613350018
8.30831054192,2.42574541818
10.814771289,-1.72439624226
9.77701617468,1.26248300648
12.4129482332,2.68157540889
12.4856970055,4.74571294229
11.9456064755,0.663010905479
12.155014527,-3.38486824788
11.2807644478,0.603707190782
11.5337383851,-0.811364165541
7.47289347241,-2.10537303112
13.1044312065,1.30698198251
12.5032751795,0.689421458973
11.9377493617,-0.371220522813
11.314607232,4.99632821639
7.69810073557,0.433324307247
15.8090337214,2.40857510449
13.2105061084,4.7994033002
10.8221182799,-0.71193465353
9.85439534057,0.439302620981
9.75207956824,-1.87244618315
11.7717485301,0.171790034815
14.8823075486,-0.651181906046
7.97246795392,0.243840883734
9.91624744046,0.459283074231
7.84505314504,0.916166414587
8.52208107856,2.97877928837
13.8328203901,1.1798985715
11.5110196392,-1.23161990988
12.20272203,0.0168114335354
9.32576647344,4.40139204581
14.6001875119,1.55435198887
11.3711821307,2.64275013178
9.69297146614,5.00304195073
9.77047982182,2.49559001576
10.7046751897,0.519732997507
8.63965919102,0.731414597883
7.91783942458,-2.83468934226
12.4412151004,1.30924766642
9.27598048575,1.16377684203
12.7850598718,-1.96114488344
10.9441770777,1.4646033686
10.8577972229,-2.71068921435
10.6406992298,-0.528026404967
12.4094220647,-1.27643469817
10.7123560679,-1.06070888553
8.84234680354,-0.315223923252
9.81287699916,1.57875549383
11.0940944087,-0.768783658094
6.18565036441,-1.59517708804
11.4029509927,0.873384080099
12.3186523506,-0.970486542032
13.045810563,3.96381625935
12.1584102517,2.37914942319
12.8151894346,1.842119608
7.45067226336,0.853410230044
11.9173925273,-1.3658678511
9.99462581519,-0.795175881434
11.9406826068,1.4172037078
13.8398353172,2.10594465478
12.9766340035,2.3477151729
9.92931946316,2.07125093336
10.0889892952,3.15026725735
11.8763568767,3.31023612593
10.1245333807,2.33084021324
8.9102195973,2.04623427393
11.4110259379,-1.83472035128
13.2774088849,1.82422248867
10.2455312087,-0.936644328204
12.5170900282,-2.04861099268
8.80453268413,-0.78023354076
12.2750258346,-1.94445001906
8.34546163674,1.60175130513
11.0864629864,-0.988152457309
12.5208706912,2.89576231379
12.9771088498,2.75525745758
10.4001329705,1.73169169932
13.0856270936,1.13921968571
9.50531679813,0.389858674764
13.1988517588,-0.64558390301
13.049148006,-1.02826493741
12.0218842218,2.33372894154
12.0797476813,-1.9577515614
13.0503698827,0.996181914591
10.9303420929,3.19113767533
12.6786870698,0.78416113675
9.98509752044,-0.20410901862
9.12550254098,0.908492372392
6.79044706275,3.80109508004
8.62011587169,1.24531282498
13.7745644803,-0.461062569035
11.6910732215,-0.602199011176
13.5992727999,1.62719213347
10.3117083765,2.10606817208
11.7037527857,1.14776200911
13.0152939341,2.22224116554
10.8695636555,2.00211204019
12.3144940432,2.61781529367
7.56816874954,1.39684983786
9.58351273702,1.27658815943
9.78160321326,0.571151251217
10.4762417422,2.47136010615
12.6575468982,1.33057768865
9.27023928505,-0.0497269129593
12.3179720339,3.58807166284
11.4790024165,-1.19774526462
9.76950279719,0.314363187363
4.90500229821,0.456598881186
12.742075619,3.98853266439
9.14612168258,2.82941110956
11.1276934842,1.73690097773
8.56552060481,-2.34220671182
8.64300242768,0.891105006587
12.688140573,1.08050389718
12.5087526584,-0.141050331347
12.4647636464,-2.70683706701
9.11926738966,3.63414126488
8.23461525984,3.08728052308
9.42310226711,3.26277505878
11.0082014161,-0.176338541096
14.8922664407,-1.69010555582
9.15840532805,-0.0433497468752
11.1316695796,3.16226469506
11.9790436735,2.72923461405
10.8437095403,0.770813152278
12.3195122368,0.753080107827
9.42574154553,-1.43270947908
11.0718696759,1.07733690499
13.5891807521,3.92127608705
8.00537229604,0.762911199567
13.315553408,-3.61149693757
8.58608180511,3.00864292763
11.4648017501,0.133813529655
12.7034989964,-2.04422711588
13.9289990293,-0.0655103506307
10.6476439528,-0.0400738426101
10.1551702804,2.37968714013
8.74929104381,3.80728099226
6.25263432063,-2.42069417327
12.540469487,3.19567465523
9.08012810107,-0.178584643693
7.94254451781,1.93784348008
12.7546823887,0.601743712683
14.7796877099,1.19230809495
8.40949611976,4.70395267659
10.8007564192,1.09867328561
9.9875138561,1.87607411296
11.5838464947,-0.352829356456
10.0847928681,2.49594812667
12.4770794442,-1.44411610412
13.3369105148,1.94107502396
13.0034935317,2.08451388782
9.44947929192,3.09439540588
8.29017219859,-1.93336019213
13.5540511136,-0.516761886168
6.64855961069,2.31583372074
12.6013349609,2.59275352836
10.8734829768,0.42081622445
5.17366760222,1.33128573897
11.9355517099,1.23431583726
14.0808905649,-2.60813610187
11.0464875193,-0.0197507260247
10.1539740735,1.91903384589
11.5155073862,3.30628688709
9.96339654493,2.95156701937
9.94309322504,0.138157865489
12.5759826897,-0.491967113548
13.7720217228,5.996547923
10.5750820037,0.747303608705
10.9198184253,-0.360828949099
9.9252998705,1.73534753012
8.85841038682,-2.26071906287
11.7738315618,0.850212561397
14.3727871933,2.071028802
13.3759525137,2.39753932078
14.0548386204,0.741583733003
11.1331452178,-0.22026468923
11.5970791822,1.14752332806
12.567604567,4.20980608501
11.4874912771,2.76577854523
13.8551228025,0.920912149855
11.822797932,2.30670166493
13.2869114374,-1.61905638518
8.9067628598,1.91395300856
7.96070738712,3.3970426891
8.90310312693,-1.80547370322
9.58015281077,2.54233328818
12.8547120991,-0.165768951159
10.6261040097,-0.590135783527
9.37399110953,2.64681790645
12.6926322403,0.0762167934339
11.2459958084,3.02032954145
12.2161030351,4.10531362426
10.9319085201,2.54173496279
11.8386993585,-2.6845641487
15.137474461,0.665233274472
9.3576270148,1.73290412175
9.91060622346,-1.87301527354
9.73053035892,3.1288416353
12.3535516057,1.21860614792
10.5245349151,1.23982191201
6.52016939515,1.70768581619
13.8504144406,1.93236651537
9.33573593882,-1.23730150108
11.4161999455,-1.02947101372
11.7754959277,-0.820100511789
13.0916766015,0.835304397356
13.5336055475,-1.93088730333
8.97149245989,1.37041433702
6.17314386179,2.43528260178
12.4926415058,-2.26093728019
10.3888112498,-1.66882375083
10.9870448342,1.82280834905
11.4535144284,2.46168201631
11.8674823766,1.56327453223
9.63883023666,3.60939814399
9.03650542324,-1.72941619342
9.8901268159,-3.14518999105
10.1473326122,0.563974750252
8.4786988482,-0.383998694017
5.33336741512,-1.12341444211
12.1770676426,0.0827139224833
10.4901662076,-0.268648028714
11.4571728343,2.7220016302
7.05996944695,0.754882945688
8.13364020017,-2.65588135899
9.92979422911,0.45323917828
11.1064230507,-3.67568004536
10.7938459347,1.51626385606
11.6157301964,2.02781890331
13.3846459239,-0.798207356015
11.887700427,0.633541772445
11.0116544767,-1.7372184848
11.4689185921,-0.330581198465
10.5440902112,0.597583302712
10.6998312434,-1.44578765102
14.4791409008,0.910614075812
12.5872960857,6.00129681682
6.68279325281,0.777632599146
11.7823157639,0.273713009533
11.7461114355,-2.59201366673
12.0401133085,3.86353343061
8.14658293322,-0.874482865014
13.0738155537,-1.0392604892
10.359780877,1.24902785398
11.6016707037,0.999246127607
9.47837585768,-0.0350571009597
11.9341895943,2.02203186521
9.54967285151,3.25351533363
8.35964968226,-1.07696946962
11.2297737871,-0.0236277880139
9.61037668237,2.9637843234
13.9615486006,2.52409377252
11.149713524,-0.223910762092
14.6080686476,1.52846455905
11.4796133466,4.50149027053
10.5746120376,-1.8492896431
10.3605594586,0.364423881301
9.85523497022,0.919941167326
10.2722180168,3.18797370455
10.8040330312,-0.594134890055
8.08861108753,1.00507674382
13.2442139517,1.93838151326
6.6901109928,0.467751542637
11.803369032,-2.71551852087
10.6352411088,1.29141152201
12.8957277779,-1.9048653898
11.8229635622,0.271924096872
8.8544127036,2.15377194772
10.3589147629,2.86897782553
12.0617636566,-1.22558230067
11.3237369737,-0.121561370887
11.7477199953,5.25774757412
14.2437016217,-0.517977469534
12.1062601349,1.27283468107
9.88732898145,-0.00468480518851
9.39805557457,5.86250082545
9.71763854554,4.10670972781
7.88149219003,-0.266035505803
9.19755129394,1.78841370692
10.6450642547,0.416602822084
11.7573240688,-1.32836056555
10.0448401199,-0.668659090915
7.75009417109,0.827887860742
12.2550809619,-0.507384257415
11.4975833449,1.61515924188
11.6617049163,-2.83964338482
7.17778278997,-0.835016978655
7.39551988683,0.206338790061
7.97065642601,0.426553445702
12.8823808639,-0.443092540687
10.6673234749,2.61746558615
10.8187154403,5.32633706837
4.64441853693,12.4598221719
5.798647489,10.1802734747
4.66493162907,14.1970224769
4.38776991902,13.2159605093
5.39604296435,14.8419495176
9.35259267676,11.4075854774
3.14228011683,11.1437020044
2.84811924786,11.0578642487
6.90588130646,12.2411400159
4.8539477321,11.4965264634
8.56128711406,9.71145353084
5.40357539745,11.851980606
3.27185345259,11.1859099971
5.07388044189,12.5747423907
7.29246085145,8.87226115919
6.44382164892,10.6953041138
5.40546257143,11.1941292463
7.88791634186,14.8178499782
4.98281967584,10.6689579648
9.23896041103,8.19954876382
9.10854326837,9.0541663795
9.65151951631,12.5984414912
6.88073247681,13.1241818442
4.69247028373,11.1437977916
4.5547044035,10.4697631304
7.65940175053,10.1121590143
8.81950225827,7.91638735878
5.31798028693,10.1782311296
1.76430641247,10.8958630024
10.1040514099,11.2043114727
5.20996885066,12.8597677422
4.69689963386,9.04560000689
5.48633366288,7.5823396198
6.46606462303,8.03563197356
5.69204403406,11.9211350576
5.29758968852,9.10795872214
5.5852150199,13.6585225283
5.3377228823,11.1128059386
5.52675534701,13.3903459002
1.7975563373,8.73686196719
8.37321328635,9.76693068458
4.66517782946,9.93808450952
5.36892124502,9.54506064558
6.38995890075,13.4037130703
7.61855140329,10.9616133869
7.54088413617,10.2623470014
8.15795461873,9.75519087525
4.76166531575,9.36437832757
7.93239146048,12.1716109698
4.13223186433,7.59652381338
4.46721544803,12.8048015072
4.31679791415,11.9931052523
9.25228795075,6.89238261218
6.00098455609,7.89814298484
7.57275258416,9.86157531804
3.033395394,11.9544800403
4.26583669543,12.6562709974
6.37931292837,10.0540739591
5.24351955292,14.9980732036
8.01444494549,10.3259063475
7.90244926071,10.3181677395
6.39787854455,7.1283817246
5.02543675963,10.1497109683
7.17207888005,10.0679592808
6.03513723519,12.9887621621
6.4536736795,6.30126437271
5.64498436747,8.45838428067
7.91341014862,9.57361074055
7.78690229853,8.96054057041
6.40510239277,10.3917102053
4.51150669871,14.9149079519
9.72837188435,8.44537864799
8.92094224488,9.47272551203
6.88989813476,12.5781886449
8.51648134676,10.492959474
5.69198668904,10.9941310205
5.22549024095,10.2248799799
5.75146432729,9.79975466298
7.01522146427,11.1893057113
6.03700256555,8.56272462035
5.19870275704,9.93670305771
7.21526355906,10.6981031664
6.25627243717,10.6887145569
9.38557341566,14.2985792706
2.41919136185,11.4341753387
5.12452688212,12.8022007473
4.08692897965,9.98544656566
3.53917501449,11.5688427771
5.66752036617,11.7275217417
3.89264055631,8.93132515927
8.64695070501,9.78545636086
6.95962507039,8.4342871463
5.65734635818,13.6050289926
4.32430961396,10.293406362
4.67684220374,9.85390565775
6.19474577243,10.5396087951
7.88415764069,14.1893930948
7.5198459682,12.4095419706
4.32273581866,11.4440884669
5.01171015788,11.8596325292
8.13221900621,9.09042567701
3.27510468473,11.554407623
4.93743276487,7.26755951833
2.50188072186,7.07096742963
3.87751905644,11.7545916924
5.05024748692,12.0838821351
9.43497977909,9.85682975343
5.48707354564,9.22141854828
6.58676679596,12.6958332901
4.62316217923,11.7272009801
10.0053383567,9.75555700314
6.67825610494,14.6144033803
1.32295577044,12.5520237352
8.5823317753,13.9789442103
6.6041026998,12.0065653683
4.46787395904,8.9673297731
7.76960470307,11.7338824276
5.28922560973,6.21554911257
5.34373899671,11.8576353586
5.86566805588,12.1222497764
9.38253671826,8.9136138851
5.64762010415,11.6195234616
4.65037827532,10.1466674983
5.10929031452,11.4766785007
8.0380831105,10.4123247401
7.35534234827,10.5574292418
4.42943535771,11.4574670443
5.1936000641,12.6236798458
7.58641800146,12.3912678308
4.46712334708,12.349400843
2.74018748181,11.4730862417
5.34345201059,12.5951848622
8.53906857088,10.4379893132
3.77261856324,12.6160223171
4.71777100449,10.7823648239
6.26163128745,12.6953552721
7.71785448711,7.86373598028
6.82638014294,10.9776844716
7.11483007437,11.8535215132
5.88198625601,12.0506725654
2.22111694314,10.8320950118
5.583653157,12.2287937869
6.89236140027,10.9439935122
6.1463549886,13.8320463034
5.07059246039,9.17725735418
7.11490017511,9.63525221271
6.55103175488,9.9930392748
7.81889448218,9.51001372782
7.98191114543,16.4505286648
7.30256865969,13.0627158243
6.0807120524,10.6955208815
5.28589816943,10.0156860982
4.49323085978,12.9772655782
6.08988455287,8.82376312405
7.4485249636,12.7095316025
4.3331036747,10.676882119
5.23138970057,14.0767822348
8.24274531414,7.23015873609
4.30839906821,8.89659593518
6.04669356709,12.614881878
6.0973704259,13.6721237044
4.89566992855,12.7291246666
4.26090923324,10.49351188
9.52840147285,12.3024038598
9.11017398574,13.6903811072
3.65860886763,10.4388085104
7.4508664365,7.92124569858
5.364240014,9.57542009208
5.86589136991,10.4383096421
7.68695486451,11.3703368706
6.67035266568,12.4557618136
4.14913622959,11.2379704441
6.83782966006,12.7653254099
5.38865826075,12.2589083975
8.25123966524,8.24994655636
4.70679174128,12.7828839103
3.47493292231,9.18441138192
1.87110043941,10.4146514218
3.11999704347,10.0579725686
3.77445762821,11.3948037369
3.28506914917,9.19662485191
11.4379240933,11.5686118132
4.72158705774,12.3056748036
3.7806649699,12.8187987329
2.95165871198,10.107973108
5.53801211053,12.8305192609
7.75670895232,9.06946242119
9.15938480921,12.0945145129
2.13413333934,10.2713574228
3.45884746245,10.8660383808
8.40185951008,12.1840010054
7.88013026048,9.0420871144
7.44758203727,10.9522188244
7.79093829156,11.715930735
3.88131535376,9.21952158071
5.70308727787,9.70913578729
5.29443836956,10.4234350887
4.53931346947,7.83044996598
11.1186480479,11.0805163857
5.40020165677,11.9472916744
5.76147452608,9.17968127818
1.4666458401,14.3247711095
3.43612184401,11.8352213496
3.77789052233,8.62865371991
7.65531443968,9.14215019522
5.16079621898,11.2743849375
5.68205396324,15.597112276
2.80640348962,12.8233812297
3.35604033198,9.07148761156
4.95461090931,9.77089254356
7.96436533539,16.3055950557
3.97181637443,14.0335301164
4.27727386221,11.1973843367
7.10186050475,8.03049207406
3.64943769192,10.0744427192
2.74433976071,11.5226768859
8.96751310679,12.5995599752
2.5978187421,13.3347750464
9.26617160866,14.1651476646
3.53830700125,7.04898344198
10.9301363242,8.84572861549
7.94905073743,10.7636875753
8.9141842007,9.95522826375
4.05609433735,11.8034240893
2.41996876717,10.2048989874
8.51215769448,11.2476294594
6.79798110524,11.4789896338
6.76874499145,11.6342057663
9.48342656354,10.2774492961
5.09727212155,10.7547194091
7.51638950069,8.53667193217
6.59350041768,10.2985284719
5.45616851704,11.0811319637
6.15230879152,8.91851635604
8.40766970634,10.5906883612
6.40993877294,11.8053916775
2.81581421769,12.5038816088
6.31740474321,7.92077721882
6.60326546523,8.99912169014
7.29825450263,10.0182390945
7.95115451439,7.78496008393
9.62277197286,10.8102282441
7.41610300133,11.6113544411
3.31222616046,5.29341622603
1.10014234157,11.9084075278
4.82337442071,12.1181692435
4.39424928627,17.1163417756
6.57389719118,8.47602663524
4.41121241345,10.4450074781
9.27501015355,10.4724548674
1.18803049829,8.47149186629
5.89022896209,13.4902555955
7.680333512,14.5711906562
6.11023853239,11.3710334228
7.81725013501,12.5840047196
6.97720967674,9.85712698773
7.34089272108,9.57173181611
7.66864352682,12.2992002524
6.64934030469,14.2166670785
1.17449025535,15.4796330882
6.91407037994,10.8360874821
3.16852278587,15.5069795709
6.9308222607,10.8300778044
6.1652340103,14.2433957417
5.93802641236,14.1845110086
4.59945637954,6.99703084614
7.75940507417,13.2671115403
6.8309268356,8.71926712874
7.19692556005,9.35207582823
4.18216375205,11.9789483629
8.61522142178,11.4153304043
5.12882861516,8.38958640443
5.7382573502,10.2672879011
4.87552328416,9.86172859137
7.28882490643,14.9480807694
4.08211508578,7.56582977781
5.17408702622,10.2977838907
5.17535385655,12.6014630847
4.38921265304,14.6889775672
5.82399539429,9.48302720332
2.10656099308,9.41720391208
8.96279504434,7.86895392064
6.53338116687,9.60656321144
8.92186807136,11.3923740423
5.91872766574,11.0031811743
6.30176706459,14.5761676413
2.47174629738,11.4354843095
5.19547458484,11.8843306783
5.90969638495,10.4513210936
5.1502394039,11.8591355877
7.25879020546,14.2880172686
6.47783520406,10.2395279083
4.20575976446,6.77601925443
5.3949814916,7.31373294918
6.81490909473,11.9049250664
8.29773678927,13.5201898622
6.28243704336,11.8711363762
3.64570386273,8.24999192865
8.24174990257,8.80688886978
6.26997370037,11.6717358933
5.85813362171,13.2932502835
8.55121120954,11.4793176324
4.39550173289,10.8290431715
2.41216603695,12.7915632896
5.13188529878,11.4400690193
7.73719936734,9.35681625238
6.95081636987,12.1360359036
6.91048624096,13.4656077216
4.88271451777,13.8472742365
3.79793252115,11.4375982183
6.45436342558,8.77369369572
5.17444160394,10.9127375695
6.00955486614,8.92854160926
8.81843947734,11.8234706749
2.86033729443,14.867599942
6.07031121212,9.51556498423
4.92695594246,11.5503083813
8.56647272811,12.9180472458
7.10464567482,15.3115766145
7.80424516756,10.8347934637
1.83521699619,9.62421769543
6.72787441887,9.58235322567
3.08200142944,8.06032195011
7.67610972979,10.7887283812
3.82832170828,10.7296901409
7.51897221482,13.1090107799
6.5617039081,12.4644444861
5.66132348631,7.41102878916
3.74718289669,7.84819038409
9.43703125263,16.0083372981
4.17985567093,12.2604402616
2.69930875017,11.7784705165
2.45930957406,14.2742830129
7.78011911567,10.4643366097
1.89614944824,12.4841618257
6.3007597447,7.19872660227
5.30952629132,9.89843698734
4.34610313687,9.99390953474
8.85716009008,12.7605706241
5.02065162373,9.60223850496
8.3937552856,10.9123898348
3.89061076104,11.0018845005
3.18807886622,9.13679338373
7.92516220376,11.1756488791
6.22832624388,12.9812851282
2.4231749182,13.6640357975
6.36776188329,7.74762717593
11.0783112538,9.08009335921
4.98271247479,7.87266194916
7.89899604178,12.0121188928
6.30793982543,8.36591480631
4.87584041424,10.5946943074
5.43859555984,9.14310072043
9.24592941764,8.13682433975
8.03231420928,10.9416149006
7.6925562286,11.4775065588
3.90615008072,11.9360969324
6.7535820189,10.3555556706
7.39358285533,9.16176457635
3.99940098947,12.0203537487
5.54141982885,10.2099155426
3.74175482762,9.54184777245
6.21233584357,11.4212707795
4.03407884017,10.2784161757
8.43354226763,15.9568225105
6.31224288365,9.85277027794
4.44217448031,8.82380309689
7.11028145407,12.3606168065
5.38797302179,13.1636747715
6.42592334261,10.3170540182
8.45981110192,9.276157409
6.75716323979,14.2097454031
2.19480957466,11.1597105239
10.0326743259,9.58388743364
4.62651835097,9.8787019049
3.66593790984,11.5541993896
6.62136168494,9.20580602549
4.52602061823,10.69214635
3.05903571867,12.9683552635
9.72238212987,14.4662151866
3.54754102038,12.759500816
6.0865756064,9.77649742523
8.62811656419,10.8020658092
10.7302462478,10.5434250058
4.96179928935,10.2408982767
6.36361042295,7.64214131295
5.02637921063,12.15269973
4.6285402962,9.78657451706
6.77878779943,9.99773296146
3.03507190353,12.9730079887
5.55882753304,11.1355143654
7.41675289264,11.9928133943
9.93524430181,13.8287979055
4.75963898188,14.0616845993
6.77532966572,10.7900966091
5.70831534613,12.5102935481
4.83647927777,14.4686376804
5.33808221107,7.23670551603
9.05784665819,12.5586168462
3.87883827099,11.8967369875
6.4647215559,11.4399284747
6.22984195442,10.4680619947
5.75119068615,9.13123348846
4.78273221105,10.3911263467
3.18313242274,7.08814115861
4.80107696213,10.3777376016
10.1950351678,12.0240211944
4.07971602973,13.6697597139
5.74124710536,10.4138186452
6.81445014307,8.04914932451
4.56047777746,10.9284846389
5.84067006781,13.3753980076
3.73357719029,11.7888122864
4.95063194411,9.15207665919
1.50202517841,8.25673433817
6.84133397053,12.511328635
3.49256006289,15.2030695388
6.77740044688,9.95150401386
4.90424276689,12.5365530846
4.96974126949,11.3663199482
5.96323638855,12.0481101566
5.35432139928,10.1608569256
6.16938014863,11.2742061296
6.86853593579,11.3386419799
8.13826143923,10.1759947865
7.18323358391,10.4071535769
3.2384575974,14.218780066
4.80232770038,8.41950981516
8.78675789139,13.0070507617
9.90165324106,9.39032875051
6.21513515867,14.3012579626
5.94986970163,9.72095939423
5.62520886436,10.1386503826
3.96773294445,9.94158133594
4.43573781224,11.3182129676
5.47955091389,11.1156404752
5.91857598935,9.39791633901
5.6042723703,8.89051795664
6.80341032418,11.2099481336
5.83939604193,7.4958929574
2.5187959469,7.34286684174
5.56521302729,11.890468852
4.94835564518,11.1042471408
4.5057793806,11.9747254269
5.75223343977,11.58713149
4.73826507598,12.6424427464
6.49117812186,13.7535663794
4.69887779335,8.76520138805
6.99063342992,9.87043586487
2.33782516666,11.2967022163
4.82524265098,11.1183082448
8.15678873803,9.90483764784
7.40881027569,14.9573982598
8.17845504731,12.1214326502
3.71232154902,4.15440591806
9.63075559052,14.1149232258
7.18613896177,11.9041262871
7.26834086427,11.7713895198
6.53072589915,13.5020802905
6.42278639679,8.17209814953
7.19805440688,9.14982101721
8.19203131314,12.9981337124
2.28336388983,9.7734947607
5.34312829253,10.6227269107
8.61298181144,12.4408915907
6.86904736687,9.03624807016
2.71012989846,16.9765273809
4.62161940421,11.07929057
8.76369326687,13.5710542247
3.66637761231,12.9416388861
5.68601132448,8.83120477693
5.28660467051,10.4983633284
5.76348811503,11.0518608232
4.13633219281,12.0373475544
4.91512218659,11.0289913555
8.06888853764,10.3512757537
6.82878287191,9.24363194105
6.73009012135,7.62263350843
6.66260300536,14.8622484335
7.20052276984,8.12729214543
5.06544378996,7.53408866809
7.06322215008,13.6158661967
3.95913191375,12.0572823795
4.29131612725,14.4857667784
9.65665782495,11.0667607661
4.5654048611,13.0897540056
9.84114581147,11.669574724
6.29699423818,10.4459735891
5.37986009356,8.21705532985
9.31150292902,9.94568301144
9.50361960513,12.7145012484
3.45818907238,12.5456605025
6.02492805443,12.7380464483
9.06274972338,12.875975623
8.83578071939,13.3484535877
4.95331182681,11.3355704015
7.16501185861,10.8424536008
3.74266239203,9.01810532401
4.87021392024,7.18088398366
3.73801792617,12.3436266399
